Group1_key,ecatalogue_key,CatFullNumber,Present Sci name,Phylum,Class,Order,Family,Genus,Ocean,SeaGulf,BaySound,Country,ProvinceStateTerritory,DistrictCountyShire,Township,NearestNamedPlace,PreciseLocation,AquDepthFromMet,AquDepthToMet,ColDate,Year Collected,Collector,Lat,Long
287,287,IZ.016044.GP,Acanthodoris pilosa,Mollusca,Gastropoda,Nudibranchia,Onchidorididae,Acanthodoris,Atlantic Ocean,,Long Island Sound,USA,Connecticut,New Haven County,West Haven,Savin Rock,,,,1872,1872,Verrill,41.275,-72.964
91,91,IZ.000459.TN,Alcyonidioides mytili,Bryozoa,Gymnolaemata,Ctenostomata,Alcyonidiidae,Alcyonidium,Atlantic Ocean,,Long Island Sound,USA,Connecticut,New Haven County,West Haven,Savin Rock,,,,1873,1873,Verrill,41.275,-72.964
90,90,IZ.000455.TN,Alcyonidium hirsutum,Bryozoa,Gymnolaemata,Ctenostomata,Alcyonidiidae,Alcyonidium,Atlantic Ocean,,Long Island Sound,USA,Connecticut,New Haven County,,West Haven,Savin Rock,,,1873-05-05,1873,Verrill,41.275,-72.964
85,85,IZ.000420.TN,Alcyonidium ramosum,Bryozoa,Gymnolaemata,Ctenostomata,Alcyonidiidae,Alcyonidium,Atlantic Ocean,,Long Island Sound,USA,Connecticut,New Haven County,Branford,Thimble Islands,Outer Island,,,,,Verrill,41.279,-72.797
89,89,IZ.000452.TN,Alcyonidium ramosum,Bryozoa,Gymnolaemata,Ctenostomata,Alcyonidiidae,Alcyonidium,Atlantic Ocean,,Long Island Sound,USA,Connecticut,New Haven County,Branford,Thimble Islands,Outer Island,,,,,Verrill,41.279,-72.797
429,429,IZ.063234,Alcyonidium ramosum,Bryozoa,Gymnolaemata,Ctenostomata,Alcyonidiidae,Alcyonidium,Atlantic Ocean,,Long Island Sound,USA,Connecticut,New Haven County,,New Haven,off South End,,,,,Verrill,41.307,-72.925
460,460,IZ.102884,Alcyonidium ramosum,Bryozoa,Gymnolaemata,Ctenostomata,Alcyonidiidae,Alcyonidium,Atlantic Ocean,,Long Island Sound,USA,Connecticut,New Haven County,Branford,Thimble Islands,Outer Island,,,,,Verrill,41.279,-72.797
461,461,IZ.102885,Alcyonidium verrilli,Bryozoa,Gymnolaemata,Ctenostomata,Alcyonidiidae,Alcyonidium,Atlantic Ocean,,Long Island Sound,USA,Connecticut,New Haven County,Branford,Thimble Islands,Outer Island,,,,,Verrill,41.279,-72.797
107,107,IZ.000610.AN,Alitta succinea,Annelida,Polychaeta,Errantida,Nereidae,Alitta ,Atlantic Ocean,,Long Island Sound,USA,Connecticut,New Haven County,West Haven,Savin Rock,(and Stony Creek),,,1872-05-,1872,Verrill,41.275,-72.964
109,109,IZ.000612.AN,Alitta succinea,Annelida,Polychaeta,Errantida,Nereidae,Alitta ,Atlantic Ocean,,Long Island Sound,USA,Connecticut,New London County,,Noank,,,,1874,1874,Verrill,41.358,-72.028
338,338,IZ.044362,Alitta succinea,Annelida,Polychaeta,Errantida,Nereidae,Alitta ,Atlantic Ocean,,Long Island Sound,USA,Connecticut,New Haven County,Branford,Thimble Islands,Outer Island,,,1894-10-,1894,Verrill,41.279,-72.797
339,339,IZ.044366,Alitta succinea,Annelida,Polychaeta,Errantida,Nereidae,Alitta ,Atlantic Ocean,,Long Island Sound,USA,Connecticut,New Haven County,,New Haven,,,,,,Verrill,41.307,-72.925
340,340,IZ.044369,Alitta succinea,Annelida,Polychaeta,Errantida,Nereidae,Alitta ,Atlantic Ocean,,Long Island Sound,USA,Connecticut,New Haven County,,East Haven,,,,1865-01-,1865,Verrill,41.297,-72.857
341,341,IZ.044392,Alitta succinea,Annelida,Polychaeta,Errantida,Nereidae,Alitta ,Atlantic Ocean,,Long Island Sound,USA,Connecticut,New Haven County,,New Haven,,,,,,Verrill,41.307,-72.925
25,25,IZ.000217.AN,Alitta virens,Annelida,Polychaeta,Errantida,Nereidae,Alitta ,Atlantic Ocean,,Long Island Sound,USA,Connecticut,New Haven County,,Stony Creek,,,,1871-05-15,1871,Verrill,41.279,-72.797
39,39,IZ.000232.AN,Alitta virens,Annelida,Polychaeta,Errantida,Nereidae,Alitta ,Atlantic Ocean,,Long Island Sound,USA,Connecticut,New Haven County,West Haven,Savin Rock,,,,,,Verrill,41.275,-72.964
55,55,IZ.000391.AN,Alitta virens,Annelida,Polychaeta,Errantida,Nereidae,Alitta ,Atlantic Ocean,,Long Island Sound,USA,Connecticut,New Haven County,,East Haven,,,,1865-01-,1865,Verrill,41.297,-72.857
110,110,IZ.000619.AN,Alitta virens,Annelida,Polychaeta,Errantida,Nereidae,Alitta ,Atlantic Ocean,,Long Island Sound,USA,Connecticut,New Haven County,,Stony Creek,,,,1872-05-,1872,Verrill,41.279,-72.797
342,342,IZ.044418,Alitta virens,Annelida,Polychaeta,Errantida,Nereidae,Alitta ,Atlantic Ocean,,Long Island Sound,USA,Connecticut,New Haven County,,New Haven,,,,,,Verrill,41.307,-72.925
424,424,IZ.051190,Alvania sp.,Mollusca,Gastropoda,Littorinimorpha,Rissoidae,Alvania,Atlantic Ocean,,Long Island Sound,USA,Connecticut,New Haven County,Branford,Thimble Islands,,,,,,Verrill,41.279,-72.797
88,88,IZ.000444.TN,Amathia dichotoma,Bryozoa,Gymnolaemata,Ctenostomata,Vesiculariidae,Amathia ,Atlantic Ocean,,Long Island Sound,USA,Connecticut,New Haven County,Branford,Thimble Islands,,,,1872,1872,Verrill,41.279,-72.797
430,430,IZ.063238,Amathia gracilis,Bryozoa,Gymnolaemata,Ctenostomata,Vesiculariidae,Amathia,Atlantic Ocean,,Long Island Sound,USA,Connecticut,New Haven County,,New Haven,off South End,,,,,Verrill,41.307,-72.925
462,462,IZ.103887,Amathia gracilis,Bryozoa,Gymnolaemata,Ctenostomata,Vesiculariidae,Amathia,Atlantic Ocean,,Long Island Sound,USA,Connecticut,New Haven County,Branford,Thimble Islands,Outer Island,,,1875,1875,Verrill,41.279,-72.797
454,454,IZ.102193,Ampelisca vadorum,Arthropoda,Malacostraca,Amphipoda,Ampeliscidae,Ampelisca,Atlantic Ocean,,Long Island Sound,USA,Connecticut,New London County,,Noank,,,,1874,1874,Verrill,41.358,-72.028
453,453,IZ.102192,Ampelisca verrilli,Arthropoda,Malacostraca,Amphipoda,Ampeliscidae,Ampelisca,Atlantic Ocean,,Long Island Sound,USA,Connecticut,New London County,,Noank,,,,1874,1874,Verrill,41.358,-72.028
259,259,IZ.008479.CR,Amphibalanus eburneus,Arthropoda,Hexanauplia,Sessilia ,Balanidae,Amphibalanus ,Atlantic Ocean,,Long Island Sound,USA,Connecticut,New Haven County,Branford,Thimble Islands,Outer Island,,,1907,1907,Verrill,41.279,-72.797
463,463,IZ.103888,Amphibalanus eburneus,Arthropoda,Hexanauplia,Sessilia ,Balanidae,Amphibalanus ,Atlantic Ocean,,Long Island Sound,USA,Connecticut,New Haven County,Branford,Thimble Islands,Outer Island,,,1875,1875,Verrill,41.279,-72.797
257,257,IZ.008430.CR,Amphibalanus improvisus,Arthropoda,Cirripedia,Thoracica,Balanidae,Amphibalanus ,Atlantic Ocean,,Long Island Sound,USA,Connecticut,New Haven County,Branford,Thimble Islands,Outer Island,,,,,Verrill,41.279,-72.797
190,190,IZ.004978.EC,Amphioplus abditus,Echinodermata,Stelleroidea,Ophiuroidea,Amphilepidida,Amphioplus ,Atlantic Ocean,,Long Island Sound,USA,Connecticut,New Haven County,Branford,Thimble Islands,,,,,,Verrill,41.279,-72.797
6,6,IZ.000114.NM,Amphiporus sp.,Nemertina,Enopla,Hoplonemertea,Amphiporidae,Amphiporus,Atlantic Ocean,,Long Island Sound,USA,Connecticut,New Haven County,West Haven,Savin Rock,,,,1871-05-01,1871,Verrill,41.275,-72.964
29,29,IZ.000222.AN,Amphitrite ornata,Annelida,Polychaeta,Terebellida,Terebellidae,Amphitrite,Atlantic Ocean,,Long Island Sound,USA,Connecticut,New Haven County,,Stony Creek,,,,1871-05-15,1871,Verrill,41.279,-72.797
125,125,IZ.000869.AN,Amphitrite ornata,Annelida,Polychaeta,Terebellida,Terebellidae,Amphitrite,Atlantic Ocean,,Long Island Sound,USA,Connecticut,New Haven County,,Stony Creek,,,,1872-05-,1872,Verrill,41.279,-72.797
359,359,IZ.045229,Amphitrite ornata,Annelida,Polychaeta,Terebellida,Terebellidae,Amphitrite,Atlantic Ocean,,Long Island Sound,USA,Connecticut,New Haven County,New Haven,South End,,,,1875-11-,1875,Verrill,41.307,-72.925
360,360,IZ.045230,Amphitrite ornata,Annelida,Polychaeta,Terebellida,Terebellidae,Amphitrite,Atlantic Ocean,,Long Island Sound,USA,Connecticut,New Haven County,West Haven,Savin Rock,,,,1870-10-,1870,Verrill,41.275,-72.964
227,227,IZ.007784.CR,Ampithoe rubricata,Arthropoda,Malacostraca,Amphipoda,Ampithoidae,Ampithoe,Atlantic Ocean,,Long Island Sound,USA,Connecticut,New Haven County,Branford,Thimble Islands,in pools,,,1874-09-29,1874,Verrill,41.279,-72.797
241,241,IZ.007899.CR,Ampithoe rubricata,Arthropoda,Malacostraca,Amphipoda,Ampithoidae,Ampithoe,Atlantic Ocean,,Long Island Sound,USA,Connecticut,New Haven County,Guilford,Faulkner's Island,,,,1879-10-02,1879,Verrill,41.321,-72.693
228,228,IZ.007785.CR,Ampithoe valida,Arthropoda,Malacostraca,Amphipoda,Ampithoidae,Ampithoe,Atlantic Ocean,,Long Island Sound,USA,Connecticut,New Haven County,Branford,Thimble Islands,in pools,,,1874-09-29,1874,Verrill,41.279,-72.797
239,239,IZ.007897.CR,Ampithoe valida,Arthropoda,Malacostraca,Amphipoda,Ampithoidae,Ampithoe,Atlantic Ocean,,Long Island Sound,USA,Connecticut,New Haven County,Guilford,Faulkner's Island,,,,1879-10-02,1879,Verrill,41.321,-72.693
212,212,IZ.006462.BV,Anadara transversa,Mollusca,Bivalvia,Arcoida,Arcidae,Anadara,Atlantic Ocean,,Long Island Sound,USA,Connecticut,New Haven County,Branford,Thimble Islands,Outer Island,,,1898,1898,Verrill,41.279,-72.797
150,150,IZ.002225.TN,Aplidium constellatum,Chordata,Ascidiacea,Enterogona,Polyclinidae,Aplidium,Atlantic Ocean,,Long Island Sound,USA,Connecticut,New Haven County,Branford,Thimble Islands,,,,,,Verrill,41.279,-72.797
248,248,IZ.008112.CR,Apohyale prevostii,Arthropoda,Malacostraca,Amphipoda,Hyalidae,Apohyale,Atlantic Ocean,,Long Island Sound,USA,Connecticut,New Haven County,,West Haven,Savin Rock,,,1873-05-05,1873,Verrill,41.275,-72.964
27,27,IZ.000219.AN,Arabella iricolor,Annelida,Polychaeta,Eunicida,Arabellidae,Arabella,Atlantic Ocean,,Long Island Sound,USA,Connecticut,New Haven County,,Stony Creek,,,,1871-05-15,1871,Verrill,41.279,-72.797
112,112,IZ.000629.AN,Arabella iricolor,Annelida,Polychaeta,Eunicida,Arabellidae,Arabella,Atlantic Ocean,,Long Island Sound,USA,Connecticut,New Haven County,,New Haven,,,,1881,1881,Verrill,41.307,-72.925
115,115,IZ.000659.AN,Arabella iricolor,Annelida,Polychaeta,Eunicida,Arabellidae,Arabella,Atlantic Ocean,,Long Island Sound,USA,Connecticut,New Haven County,,New Haven,South End,,,1874-11-,1874,Verrill,41.307,-72.925
218,218,IZ.007471.BV,Argopecten irradians,Mollusca,Bivalvia,Pterioida,Pectinidae,Argopecten,Atlantic Ocean,,,USA,,,,Long Island Sound,,,,1866,1866,Verrill,,
210,210,IZ.006384.CR,Armadillidium vulgare,Arthropoda,Malacostraca,Isopoda,Armadillididae,Armadillidium,Atlantic Ocean,,Long Island Sound,USA,Connecticut,New Haven County,,New Haven,,,,,,Verrill,41.307,-72.925
275,275,IZ.009121.CR,Armadillidium vulgare,Arthropoda,Malacostraca,Isopoda,Armadillididae,Armadillidium,Atlantic Ocean,,Long Island Sound,USA,Connecticut,New Haven County,,New Haven,,,,,,Verrill,41.307,-72.925
271,271,IZ.009103.CR,Asellus sp.,Arthropoda,Malacostraca,Isopoda,Asellidae,Asellus,Atlantic Ocean,,Long Island Sound,USA,Connecticut,New Haven County,,New Haven,,,,,,Verrill,41.307,-72.925
272,272,IZ.009104.CR,Asellus sp.,Arthropoda,Malacostraca,Isopoda,Asellidae,Asellus,Atlantic Ocean,,Long Island Sound,USA,Connecticut,New Haven County,,New Haven,,,,,,Verrill,41.307,-72.925
260,260,IZ.008593.EC,Asterias forbesi,Echinodermata,Stelleroidea,Forcipulatida,Asteriidae,Asterias,Atlantic Ocean,,Long Island Sound,USA,Connecticut,New Haven County,Branford,Thimble Islands,Outer Island,,,1894-10-07,1894,Verrill,41.279,-72.797
280,280,IZ.009680.EC,Asterias forbesi,Echinodermata,Stelleroidea,Forcipulatida,Asteriidae,Asterias,Atlantic Ocean,,Long Island Sound,USA,Connecticut,New Haven County,Branford,Thimble Islands,Outer Island,,,1906-06-,1906,Verrill,41.279,-72.797
281,281,IZ.009681.EC,Asterias forbesi,Echinodermata,Stelleroidea,Forcipulatida,Asteriidae,Asterias,Atlantic Ocean,,Long Island Sound,USA,Connecticut,New Haven County,Branford,Thimble Islands,Outer Island,,,1896,1896,Verrill,41.279,-72.797
282,282,IZ.009682.EC,Asterias forbesi,Echinodermata,Stelleroidea,Forcipulatida,Asteriidae,Asterias,Atlantic Ocean,,Long Island Sound,USA,Connecticut,New Haven County,,New Haven,,,,,,Verrill,41.307,-72.925
7,7,IZ.000120.CN,Astrangia poculata,Cnidaria,Anthozoa,Scleractinia,Rhizangiidae,Astrangia,Atlantic Ocean,,Long Island Sound,USA,Connecticut,New Haven County,New Haven,Lighthouse Point,5 mile point,,,1871-10-,1871,Verrill,41.307,-72.925
253,253,IZ.008331.CN,Astrangia poculata,Cnidaria,Anthozoa,Scleractinia,Rhizangiidae,Astrangia,Atlantic Ocean,,Long Island Sound,USA,Connecticut,New Haven County,,New Haven,,,,,,Verrill,41.307,-72.925
254,254,IZ.008334.CN,Astrangia poculata,Cnidaria,Anthozoa,Scleractinia,Rhizangiidae,Astrangia,Atlantic Ocean,,,USA,New York,Suffolk County,,Long Island Sound,Peconic Bay,,,1874,1874,Verrill,,
255,255,IZ.008338.CN,Astrangia poculata,Cnidaria,Anthozoa,Scleractinia,Rhizangiidae,Astrangia,Atlantic Ocean,,Long Island Sound,USA,Connecticut,New London County,,Noank,,,,1874,1874,Verrill,41.358,-72.028
256,256,IZ.008384.CN,Astrangia poculata,Cnidaria,Anthozoa,Scleractinia,Rhizangiidae,Astrangia,Atlantic Ocean,,,USA,New York,Suffolk County,,Long Island Sound,Peconic Bay,,,1874,1874,Verrill,,
23,23,IZ.000207.AN,Autolytus sp.,Annelida,Polychaeta,Phyllodocida,Syllidae,Autolytus,Atlantic Ocean,,Long Island Sound,USA,Connecticut,New Haven County,,New Haven,off South End,,,1871-05-29,1871,Verrill,41.307,-72.925
258,258,IZ.008443.CR,Balanus sp.,Arthropoda,Cirripedia,Thoracica,Balanidae,Balanus,Atlantic Ocean,,Long Island Sound,USA,Connecticut,New Haven County,Branford,Thimble Islands,Outer Island,,,1906-11-,1906,Verrill,41.279,-72.797
306,306,IZ.037556,Bdelloura candida,Platyhelminthes,Turbellaria,Tricladida,Bdellouridae,Bdelloura,Atlantic Ocean,,Long Island Sound,USA,Connecticut,New Haven County,,Stony Creek,,,,1871-05-15,1871,Verrill,41.279,-72.797
96,96,IZ.000526.BV,Biflustra tenuis,Bryozoa,Gymnolaemata,Cheilostomata,Membraniporidae,Biflustra ,Atlantic Ocean,,,USA,,,,Long Island Sound,,,,,,Verrill,,
425,425,IZ.055061,Bittiolum alternatum,Mollusca,Gastropoda,Sorbeoconcha,Cerithiidae,Bittiolum,Atlantic Ocean,,Long Island Sound,USA,Connecticut,New Haven County,Branford,Thimble Islands,Outer Island,,,1894,1894,Verrill,41.279,-72.797
98,98,IZ.000528.BV,Bivalvia,Mollusca,Bivalvia, , , ,Atlantic Ocean,,,USA,,,,Long Island Sound,,,,,,Verrill,,
99,99,IZ.000529.BV,Bivalvia,Mollusca,Bivalvia, , , ,Atlantic Ocean,,,USA,,,,Long Island Sound,,,,,,Verrill,,
176,176,IZ.002899.BV,Bivalvia,Mollusca,Bivalvia, , , ,,,,,,,,,,,,,,Verrill,,
157,157,IZ.002388.TN,Botryllus schlosseri,Chordata,Ascidiacea,Stolidobranchia,Styelidae,Botryllus,Atlantic Ocean,,Long Island Sound,USA,Connecticut,New Haven County,Branford,Thimble Islands,Outer Island,,,,1909,Verrill,41.279,-72.797
158,158,IZ.002395.TN,Botryllus schlosseri,Chordata,Ascidiacea,Stolidobranchia,Styelidae,Botryllus,Atlantic Ocean,,Long Island Sound,USA,Connecticut,New Haven County,Branford,Thimble Islands,Outer Island,,,,1909,Verrill,41.279,-72.797
459,459,IZ.102198,Brachyura,Arthropoda,Malacostraca,Decapoda, , ,Atlantic Ocean,,Long Island Sound,USA,Connecticut,New London County,,Noank,,,,1874,1874,Verrill,41.358,-72.028
292,292,IZ.024186,Busycotypus canaliculatus,Mollusca,Gastropoda,Neogastropoda,Melongenidae,Busycotypus,Atlantic Ocean,,Long Island Sound,USA,Connecticut,New London County,,Noank,,,,1874,1874,Verrill,41.358,-72.028
326,326,IZ.041763,Cancer plebejus,Arthropoda,Malacostraca,Decapoda,Cancridae,Cancer,Atlantic Ocean,,Long Island Sound,USA,Connecticut,New Haven County,Branford,Thimble Islands,Outer Island,,,1892,1892,Verrill,41.279,-72.797
231,231,IZ.007788.CR,Caprella penantis,Arthropoda,Malacostraca,Amphipoda,Caprellidae,Caprella,Atlantic Ocean,,Long Island Sound,USA,Connecticut,New Haven County,Branford,Thimble Islands,in pools,,,1874-09-29,1874,Verrill,41.279,-72.797
242,242,IZ.007903.CR,Caprella penantis,Arthropoda,Malacostraca,Amphipoda,Caprellidae,Caprella,Atlantic Ocean,,Long Island Sound,USA,Connecticut,New Haven County,Guilford,Faulkner's Island,,,,1879-10-02,1879,Verrill,41.321,-72.693
447,447,IZ.102174,Caprelloidea ,Arthropoda,Malacostraca,Amphipoda, , ,Atlantic Ocean,,Long Island Sound,USA,Connecticut,New Haven County,Guilford,Faulkner's Island,,,,1870-10-02,1870,Verrill,41.321,-72.693
205,205,IZ.005772.CR,Carcinus maenas,Arthropoda,Malacostraca,Decapoda,Portunidae,Carcinus,Atlantic Ocean,,Long Island Sound,USA,Connecticut,New Haven County,Branford,Thimble Islands,Outer Island,,,1902,1902,Verrill,41.279,-72.797
329,329,IZ.042849,Carcinus maenas,Arthropoda,Malacostraca,Decapoda,Portunidae,Carcinus,Atlantic Ocean,,Long Island Sound,USA,Connecticut,New Haven County,,New Haven,,,,,,Verrill,41.307,-72.925
315,315,IZ.037796,Cerebratulus lacteus,Nemertina,Anopla,Heteronemertea,Lineidae,Cerebratulus,Atlantic Ocean,,Long Island Sound,USA,Connecticut,New Haven County,,Stony Creek,,,,1871-05-,1871,Verrill,41.279,-72.797
313,313,IZ.037785,Cerebratulus roseus,Nemertina,Anopla,Heteronemertea,Lineidae,Cerebratulus,Atlantic Ocean,,Long Island Sound,USA,Connecticut,New Haven County,,New Haven,,,,,,Verrill,41.307,-72.925
314,314,IZ.037789,Cerebratulus roseus,Nemertina,Anopla,Heteronemertea,Lineidae,Cerebratulus,Atlantic Ocean,,Long Island Sound,USA,Connecticut,New Haven County,,West Haven,Savin Rock,,,1871-05-,1871,Verrill,41.275,-72.964
262,262,IZ.008769.CR,Chiridotea coeca,Arthropoda,Malacostraca,Isopoda,Idoteidae,Chiridotea,Atlantic Ocean,,Long Island Sound,USA,Connecticut,New Haven County,West Haven,Savin Rock,,,,1873-09-,1873,Verrill,41.275,-72.964
269,269,IZ.008950.CR,Chiridotea coeca,Arthropoda,Malacostraca,Isopoda,Idoteidae,Chiridotea,Atlantic Ocean,,Long Island Sound,USA,Connecticut,New Haven County,,New Haven,,,,1878,1878,Verrill,41.307,-72.925
433,433,IZ.091154,Chiridotea coeca,Arthropoda,Malacostraca,Isopoda,Idoteidae,Chiridotea,Atlantic Ocean,,Long Island Sound,USA,Connecticut,New Haven County,West Haven,Savin Rock,,,,1877-10-,1877,Verrill,41.275,-72.964
434,434,IZ.091155,Chiridotea coeca,Arthropoda,Malacostraca,Isopoda,Idoteidae,Chiridotea,Atlantic Ocean,,Long Island Sound,USA,Connecticut,New Haven County,West Haven,Savin Rock,,,,1877-10-,1877,Verrill,41.275,-72.964
435,435,IZ.091156,Chiridotea coeca,Arthropoda,Malacostraca,Isopoda,Idoteidae,Chiridotea,Atlantic Ocean,,Long Island Sound,USA,Connecticut,New Haven County,West Haven,Savin Rock,,,,1877-10-,1877,Verrill,41.275,-72.964
8,8,IZ.000160.AN,Cirratulus grandis,Annelida,Polychaeta,Spionida,Cirratulidae,Cirratulus,Atlantic Ocean,,,USA,,,,Long Island Sound,,,,1865-05-,1865,Verrill,,
28,28,IZ.000221.AN,Cirratulus grandis,Annelida,Polychaeta,Spionida,Cirratulidae,Cirratulus,Atlantic Ocean,,Long Island Sound,USA,Connecticut,New Haven County,,Stony Creek,,,,1871-05-15,1871,Verrill,41.279,-72.797
35,35,IZ.000228.AN,Cirratulus grandis,Annelida,Polychaeta,Spionida,Cirratulidae,Cirratulus,Atlantic Ocean,,Long Island Sound,USA,Connecticut,New Haven County,West Haven,Savin Rock,,,,1870-10-,1870,Verrill,41.275,-72.964
60,60,IZ.000396.AN,Cirratulus grandis,Annelida,Polychaeta,Spionida,Cirratulidae,Cirratulus,Atlantic Ocean,,Long Island Sound,USA,Connecticut,New Haven County,West Haven,Savin Rock,(and South End),,,1866-12-,1866,Verrill,41.275,-72.964
119,119,IZ.000778.AN,Cirratulus grandis,Annelida,Polychaeta,Spionida,Cirratulidae,Cirratulus,Atlantic Ocean,,Long Island Sound,USA,Connecticut,New Haven County,,Stony Creek,,,,1872-05-,1872,Verrill,41.279,-72.797
120,120,IZ.000781.AN,Cirratulus grandis,Annelida,Polychaeta,Spionida,Cirratulidae,Cirratulus,Atlantic Ocean,,Long Island Sound,USA,Connecticut,New Haven County,,New Haven,,,,1876,1876,Verrill,41.307,-72.925
121,121,IZ.000782.AN,Cirratulus grandis,Annelida,Polychaeta,Spionida,Cirratulidae,Cirratulus,Atlantic Ocean,,Long Island Sound,USA,Connecticut,New Haven County,,New Haven,,,,,,Verrill,41.307,-72.925
331,331,IZ.043711,Cirratulus sp.,Annelida,Polychaeta,Spionida,Cirratulidae,Cirratulus,Atlantic Ocean,,Long Island Sound,USA,Connecticut,New Haven County,New Haven,South End,,,,1875-11-,1875,Verrill,41.307,-72.925
350,350,IZ.044674,Cistenides gouldii,Annelida,Polychaeta,Terebellida,Pectinariidae,Cistenides,Atlantic Ocean,,Long Island Sound,USA,Connecticut,New Haven County,West Haven,Savin Rock,,,,,,Verrill,41.275,-72.964
41,41,IZ.000261.PR,Clathria prolifera,Porifera,Demospongiae,Poecilosclerida,Microcionidae,Clathria,Atlantic Ocean,,Long Island Sound,USA,Connecticut,New Haven County,,,near New Haven,,,,,Verrill,41.307,-72.925
43,43,IZ.000262.PR,Clathria prolifera,Porifera,Demospongiae,Poecilosclerida,Microcionidae,Clathria,Atlantic Ocean,,Long Island Sound,USA,Connecticut,New Haven County,,,near New Haven,,,,,Verrill,41.307,-72.925
94,94,IZ.000481.PR,Clathria prolifera,Porifera,Demospongiae,Poecilosclerida,Microcionidae,Clathria,Atlantic Ocean,,Long Island Sound,USA,Connecticut,New Haven County,,New Haven,,,,,,Verrill,41.307,-72.925
216,216,IZ.007049.PR,Clathria prolifera,Porifera,Demospongiae,Poecilosclerida,Microcionidae,Clathria,Atlantic Ocean,,Long Island Sound,USA,Connecticut,New London County,,Noank,,,,,,Verrill,41.358,-72.028
221,221,IZ.007494.PR,Clathria prolifera,Porifera,Demospongiae,Poecilosclerida,Microcionidae,Clathria,Atlantic Ocean,,Long Island Sound,USA,Connecticut,New Haven County,Branford,Thimble Islands,Outer Island,,,,,Verrill,41.279,-72.797
261,261,IZ.008732.PR,Clathria prolifera,Porifera,Demospongiae,Poecilosclerida,Microcionidae,Clathria,Atlantic Ocean,,Long Island Sound,USA,Connecticut,New Haven County,,New Haven,South End,,,1874,1874,Verrill,41.307,-72.925
93,93,IZ.000476.PR,Cliona celata,Porifera,Demospongiae,Hadromerida,Clionaidae,Cliona,Atlantic Ocean,,Long Island Sound,USA,Connecticut,New Haven County,,New Haven,,,,,,Verrill,41.307,-72.925
268,268,IZ.008882.PR,Cliona sp.,Porifera,Demospongiae,Hadromerida,Clionaidae,Cliona,Atlantic Ocean,,Long Island Sound,USA,Connecticut,New Haven County,,Guilford,Falkner Island,,,1873,1873,Verrill,41.321,-72.693
58,58,IZ.000394.AN,Clymenella torquata,Annelida,Polychaeta,Capitellida,Maldanidae,Clymenella,Atlantic Ocean,,Long Island Sound,USA,Connecticut,New Haven County,West Haven,Savin Rock,(and South End),,,1866-12-,1866,Verrill,41.275,-72.964
181,181,IZ.002904.AN,Clymenella torquata,Annelida,Polychaeta,Capitellida,Maldanidae,Clymenella,Atlantic Ocean,,Long Island Sound,USA,Connecticut,New Haven County,,New Haven,,,,,,Verrill,41.307,-72.925
421,421,IZ.050110,Conopeum reticulum,Bryozoa,Gymnolaemata,Cheilostomata,Electridae,Conopeum,Atlantic Ocean,,Long Island Sound,USA,Connecticut,New Haven County,,New Haven,,,,1868,1868,Verrill,41.307,-72.925
445,445,IZ.102172,Copepoda,Arthropoda,Copepoda, , , ,Atlantic Ocean,,Long Island Sound,USA,Connecticut,New Haven County,Guilford,Faulkner's Island,,,,1870-10-02,1870,Verrill,41.321,-72.693
448,448,IZ.102175,Copepoda,Arthropoda,Copepoda, , , ,Atlantic Ocean,,Long Island Sound,USA,Connecticut,New Haven County,Guilford,Faulkner's Island,,,,1870-10-02,1870,Verrill,41.321,-72.693
452,452,IZ.102191,Copepoda,Arthropoda,Copepoda, , , ,Atlantic Ocean,,Long Island Sound,USA,Connecticut,New London County,,Noank,,,,1874,1874,Verrill,41.358,-72.028
283,283,IZ.013179.GP,Corambe obscura,Mollusca,Gastropoda,Nudibranchia,Corambidae,Corambe ,Atlantic Ocean,,Long Island Sound,USA,Connecticut,New Haven County,Branford,Thimble Islands,Outer Island,,,1893-10-21,1893,Verrill,41.279,-72.797
50,50,IZ.000291.BV,Crassostrea virginica,Mollusca,Bivalvia,Pterioida,Ostreidae,Crassostrea,Atlantic Ocean,,Long Island Sound,USA,Connecticut,New Haven County,,,New Haven?,,,,,Verrill,41.311,-72.925
285,285,IZ.014391.GP,Crepidula convexa ,Mollusca,Gastropoda,Littorinimorpha,Calyptraeidae,Crepidula,Atlantic Ocean,,Long Island Sound,USA,Connecticut,,,,,,,1885-05-,1885,Verrill,,
5,5,IZ.000100.CR,Crustacea,Arthropoda, , , , ,Atlantic Ocean,,,USA,,,,Long Island Sound,,,,1865,1865,Verrill,,
64,64,IZ.000404.CR,Crustacea,Arthropoda, , , , ,Atlantic Ocean,,,USA,,,,Long Island Sound,,,,,,Verrill,,
66,66,IZ.000405.CR,Crustacea,Arthropoda, , , , ,Atlantic Ocean,,,USA,,,,Long Island Sound,,,,,,Verrill,,
68,68,IZ.000406.CR,Crustacea,Arthropoda, , , , ,Atlantic Ocean,,,USA,,,,Long Island Sound,,,,,,Verrill,,
70,70,IZ.000407.CR,Crustacea,Arthropoda, , , , ,Atlantic Ocean,,,USA,,,,Long Island Sound,,,,,,Verrill,,
72,72,IZ.000408.CR,Crustacea,Arthropoda, , , , ,Atlantic Ocean,,,USA,,,,Long Island Sound,,,,,,Verrill,,
74,74,IZ.000409.CR,Crustacea,Arthropoda, , , , ,Atlantic Ocean,,,USA,,,,Long Island Sound,,,,,,Verrill,,
76,76,IZ.000413.CR,Crustacea,Arthropoda, , , , ,Atlantic Ocean,,Long Island Sound,USA,Connecticut,New Haven County,,New Haven,,,,,,Verrill,41.307,-72.925
78,78,IZ.000414.CR,Crustacea,Arthropoda, , , , ,Atlantic Ocean,,Long Island Sound,USA,Connecticut,New Haven County,,New Haven,,,,,,Verrill,41.307,-72.925
80,80,IZ.000415.CR,Crustacea,Arthropoda, , , , ,Atlantic Ocean,,Long Island Sound,USA,Connecticut,New Haven County,,New Haven,,,,,,Verrill,41.307,-72.925
82,82,IZ.000416.CR,Crustacea,Arthropoda, , , , ,Atlantic Ocean,,,USA,,,,Long Island Sound,,,,,,Verrill,,
84,84,IZ.000417.CR,Crustacea,Arthropoda, , , , ,Atlantic Ocean,,,USA,,,,Long Island Sound,,,,,,Verrill,,
53,53,IZ.000314.CN,Cyanea capillata,Cnidaria,Scyphozoa,Semaeostomeae,Cyaneidae,Cyanea,Atlantic Ocean,,,USA,,,,Long Island Sound,,,,1865,1865,Verrill,,
301,301,IZ.035117,Cyanea capillata,Cnidaria,Scyphozoa,Semaeostomeae,Cyaneidae,Cyanea,Atlantic Ocean,,Long Island Sound,USA,,,,,,,,1874,1874,Verrill,,
304,304,IZ.035234,Cyanea capillata,Cnidaria,Scyphozoa,Semaeostomeae,Cyaneidae,Cyanea,Atlantic Ocean,,Long Island Sound,USA,Connecticut,New Haven County,Branford,Thimble Islands,Outer Island,,,1905,1905,Verrill,41.279,-72.797
302,302,IZ.035154,Cyanea sp.,Cnidaria,Scyphozoa,Semaeostomeae,Cyaneidae,Cyanea,Atlantic Ocean,,Long Island Sound,USA,Connecticut,New Haven County,Branford,Thimble Islands,Outer Island,,,,,Verrill,41.279,-72.797
303,303,IZ.035155,Cyanea sp.,Cnidaria,Scyphozoa,Semaeostomeae,Cyaneidae,Cyanea,Atlantic Ocean,,Long Island Sound,USA,Connecticut,New Haven County,Branford,Thimble Islands,Outer Island,,,,1903,Verrill,41.279,-72.797
266,266,IZ.008837.CR,Cyathura polita,Arthropoda,Malacostraca,Isopoda,Anthuridae,Cyathura,Atlantic Ocean,,Long Island Sound,USA,Connecticut,New Haven County,,New Haven,,,,,,Verrill,41.307,-72.925
273,273,IZ.009119.CR,Cylisticus convexus,Arthropoda,Malacostraca,Isopoda,Oniscidae,Cylisticus,Atlantic Ocean,,Long Island Sound,USA,Connecticut,New Haven County,,New Haven,,,,,,Verrill,41.307,-72.925
229,229,IZ.007786.CR,Cymadusa compta,Arthropoda,Malacostraca,Amphipoda,Ampithoidae,Cymadusa,Atlantic Ocean,,Long Island Sound,USA,Connecticut,New Haven County,Branford,Thimble Islands,in pools,,,1874-09-29,1874,Verrill,41.279,-72.797
45,45,IZ.000263.PR,Demospongiae,Porifera,Demospongiae, , , ,Atlantic Ocean,,Long Island Sound,USA,Connecticut,New Haven County,,,near New Haven,,,,,Verrill,41.307,-72.925
279,279,IZ.009530.CN,Diadumene leucolena,Cnidaria,Anthozoa,Actiniaria,Diadumenidae,Diadumene,Atlantic Ocean,,Long Island Sound,USA,Connecticut,New Haven County,Branford,Thimble Islands,Outer Island,,,1906,1906,Verrill,41.279,-72.797
456,456,IZ.102195,Diastylis quadrispinosa,Arthropoda,Malacostraca,Cumacea,Diastylidae,Diastylis,Atlantic Ocean,,Long Island Sound,USA,Connecticut,New London County,,Noank,,,,1874,1874,Verrill,41.358,-72.028
431,431,IZ.088920,Diatoms,Diatoms, , , , ,Atlantic Ocean,,Long Island Sound,USA,Connecticut,New Haven County,,New Haven,,,,,,Verrill,41.307,-72.925
32,32,IZ.000225.AN,Diopatra cuprea,Annelida,Polychaeta,Eunicida,Onuphidae,Diopatra,Atlantic Ocean,,Long Island Sound,USA,Connecticut,New Haven County,West Haven,Savin Rock,,,,1870-10-,1870,Verrill,41.275,-72.964
111,111,IZ.000628.AN,Diopatra cuprea,Annelida,Polychaeta,Eunicida,Onuphidae,Diopatra,Atlantic Ocean,,Long Island Sound,USA,Connecticut,New Haven County,,New Haven,,,,1881,1881,Verrill,41.307,-72.925
116,116,IZ.000665.AN,Diopatra cuprea,Annelida,Polychaeta,Eunicida,Onuphidae,Diopatra,Atlantic Ocean,,Long Island Sound,USA,Connecticut,New Haven County,West Haven,Savin Rock,(and New Haven),,,1870-06-,1870,Verrill,41.275,-72.964
117,117,IZ.000666.AN,Diopatra cuprea,Annelida,Polychaeta,Eunicida,Onuphidae,Diopatra,Atlantic Ocean,,Long Island Sound,USA,Connecticut,New Haven County,West Haven,Savin Rock,,,,,,Verrill,41.275,-72.964
118,118,IZ.000668.AN,Diopatra cuprea,Annelida,Polychaeta,Eunicida,Onuphidae,Diopatra,Atlantic Ocean,,Long Island Sound,USA,Connecticut,New Haven County,,West Haven,Savin Rock,,,1872-05-,1872,Verrill,41.275,-72.964
343,343,IZ.044425,Diopatra cuprea,Annelida,Polychaeta,Eunicida,Onuphidae,Diopatra,Atlantic Ocean,,Long Island Sound,USA,Connecticut,New Haven County,West Haven,Savin Rock,,,,1880,1880,Verrill,41.275,-72.964
344,344,IZ.044426,Diopatra cuprea,Annelida,Polychaeta,Eunicida,Onuphidae,Diopatra,Atlantic Ocean,,Long Island Sound,USA,Connecticut,New Haven County,,New Haven,,,,,,Verrill,41.307,-72.925
345,345,IZ.044427,Diopatra cuprea,Annelida,Polychaeta,Eunicida,Onuphidae,Diopatra,Atlantic Ocean,,Long Island Sound,USA,Connecticut,New Haven County,,New Haven,,,,,,Verrill,41.307,-72.925
346,346,IZ.044430,Diopatra cuprea,Annelida,Polychaeta,Eunicida,Onuphidae,Diopatra,Atlantic Ocean,,Long Island Sound,USA,Connecticut,New Haven County,,New Haven,,,,1881-05-22,1881,Verrill,41.307,-72.925
347,347,IZ.044431,Diopatra cuprea,Annelida,Polychaeta,Eunicida,Onuphidae,Diopatra,Atlantic Ocean,,Long Island Sound,USA,Connecticut,New Haven County,,New Haven,,,,,,Verrill,41.307,-72.925
348,348,IZ.044432,Diopatra cuprea,Annelida,Polychaeta,Eunicida,Onuphidae,Diopatra,Atlantic Ocean,,Long Island Sound,USA,Connecticut,New Haven County,,New Haven,,,,1877,1877,Verrill,41.307,-72.925
349,349,IZ.044433,Diopatra cuprea,Annelida,Polychaeta,Eunicida,Onuphidae,Diopatra,Atlantic Ocean,,Long Island Sound,USA,Connecticut,New Haven County,West Haven,Savin Rock,,,,1865-05-,1865,Verrill,41.275,-72.964
33,33,IZ.000226.AN,Drilonereis longa,Annelida,Polychaeta,Eunicida,Arabellidae,Drilonereis,Atlantic Ocean,,Long Island Sound,USA,Connecticut,New Haven County,West Haven,Savin Rock,,,,1870-10-,1870,Verrill,41.275,-72.964
365,365,IZ.045417,Drilonereis longa,Annelida,Polychaeta,Eunicida,Arabellidae,Drilonereis,Atlantic Ocean,,Long Island Sound,USA,Connecticut,New Haven County,West Haven,Savin Rock,,,,1881-05-22,1881,Verrill,41.275,-72.964
171,171,IZ.002838.AN,Drilonereis sp.,Annelida,Polychaeta,Eunicida,Arabellidae,Drilonereis,Atlantic Ocean,,Long Island Sound,USA,Connecticut,New Haven County,,Stony Creek,,,,1872-05-,1872,Verrill,41.279,-72.797
291,291,IZ.024172,Drilonereis sp.,Annelida,Polychaeta,Eunicida,Arabellidae,Drilonereis,Atlantic Ocean,,Long Island Sound,USA,Connecticut,New Haven County,,Stony Creek,,,,1872-05-,1872,Verrill,41.279,-72.797
423,423,IZ.051067,Ecrobia truncata,Mollusca,Gastropoda,Littorinimorpha,Hydrobiidae,Ecrobia ,Atlantic Ocean,,Long Island Sound,USA,Connecticut,New Haven County,Branford,Thimble Islands,,,,,,Verrill,41.279,-72.797
147,147,IZ.002019.CR,Edotia triloba,Arthropoda,Malacostraca,Isopoda,Idoteidae,Edotea,Atlantic Ocean,,Long Island Sound,USA,Connecticut,New Haven County,West Haven,Savin Rock,,,,1871-05-01,1871,Verrill,41.275,-72.964
436,436,IZ.091171,Edotia triloba,Arthropoda,Malacostraca,Isopoda,Idoteidae,Edotia,Atlantic Ocean,,Long Island Sound,USA,Connecticut,New Haven County,West Haven,Savin Rock,,,,1872-05-22,1872,Verrill,41.275,-72.964
437,437,IZ.091175,Edotia triloba,Arthropoda,Malacostraca,Isopoda,Idoteidae,Edotia,Atlantic Ocean,,Long Island Sound,USA,Connecticut,New Haven County,West Haven,Savin Rock,,,,1872-05-22,1872,Verrill,41.275,-72.964
458,458,IZ.102197,Edotia triloba,Arthropoda,Malacostraca,Isopoda,Idoteidae,Edotea,Atlantic Ocean,,Long Island Sound,USA,Connecticut,New London County,,Noank,,,,1874,1874,Verrill,41.358,-72.028
127,127,IZ.000950.AN,Enchytraeus sp.,Annelida,Oligochaeta, ,Enchytraeidae,Enchytraeus,Atlantic Ocean,,Long Island Sound,USA,Connecticut,New Haven County,,New Haven,,,,1875,1875,Verrill,41.307,-72.925
126,126,IZ.000890.AN,Enoplobranchus sanguineus,Annelida,Polychaeta,Terebellida,Terebellidae,Enoplobranchus ,Atlantic Ocean,,Long Island Sound,USA,Connecticut,New Haven County,,West Haven,Savin Rock,,,1872-05-,1872,Verrill,41.275,-72.964
166,166,IZ.002723.AN,Enoplobranchus sanguineus,Annelida,Polychaeta,Terebellida,Terebellidae,Enoplobranchus ,Atlantic Ocean,,Long Island Sound,USA,Connecticut,New Haven County,,Stony Creek,,,,1871-05-15,1871,Verrill,41.279,-72.797
323,323,IZ.040568,Enoplobranchus sanguineus,Annelida,Polychaeta,Terebellida,Terebellidae,Enoplobranchus ,Atlantic Ocean,,Long Island Sound,USA,Connecticut,New Haven County,,West Haven,Savin Rock,,,1872-05-,1872,Verrill,41.275,-72.964
324,324,IZ.040569,Enoplobranchus sanguineus,Annelida,Polychaeta,Terebellida,Terebellidae,Enoplobranchus ,Atlantic Ocean,,Long Island Sound,USA,Connecticut,New Haven County,,West Haven,Savin Rock,,,1872-05-,1872,Verrill,41.275,-72.964
325,325,IZ.040570,Enoplobranchus sanguineus,Annelida,Polychaeta,Terebellida,Terebellidae,Enoplobranchus ,Atlantic Ocean,,Long Island Sound,USA,Connecticut,New Haven County,,West Haven,Savin Rock,,,1872-05-,1872,Verrill,41.275,-72.964
361,361,IZ.045242,Enoplobranchus sanguineus,Annelida,Polychaeta,Terebellida,Terebellidae,Enoplobranchus,Atlantic Ocean,,Long Island Sound,USA,Connecticut,New Haven County,,New Haven,,,,,,Verrill,41.307,-72.925
362,362,IZ.045243,Enoplobranchus sanguineus,Annelida,Polychaeta,Terebellida,Terebellidae,Enoplobranchus,Atlantic Ocean,,Long Island Sound,USA,Connecticut,New Haven County,,West Haven,Savin Rock,,,1872-05-,1872,Verrill,41.275,-72.964
363,363,IZ.045244,Enoplobranchus sanguineus,Annelida,Polychaeta,Terebellida,Terebellidae,Enoplobranchus,Atlantic Ocean,,Long Island Sound,USA,Connecticut,New Haven County,,New Haven,,,,,,Verrill,41.307,-72.925
364,364,IZ.045245,Enoplobranchus sanguineus,Annelida,Polychaeta,Terebellida,Terebellidae,Enoplobranchus,Atlantic Ocean,,Long Island Sound,USA,Connecticut,New Haven County,West Haven,Savin Rock,,,,,,Verrill,41.275,-72.964
284,284,IZ.014385.GP,Ergaea walshi,Mollusca,Gastropoda,Littorinimorpha,Calyptraeidae,Ergaea ,Atlantic Ocean,,,USA,,,,Long Island Sound,,,,,,Verrill,,
146,146,IZ.002011.CR,Erichsonella filiformis,Arthropoda,Malacostraca,Isopoda,Idoteidae,Erichsonella,Atlantic Ocean,,Long Island Sound,USA,Connecticut,New Haven County,Branford,Thimble Islands,,,,,,Verrill,41.279,-72.797
230,230,IZ.007787.CR,Ericthonius brasiliensis,Arthropoda,Malacostraca,Amphipoda,Ischyroceridae,Erichthonius,Atlantic Ocean,,Long Island Sound,USA,Connecticut,New Haven County,Branford,Thimble Islands,in pools,,,1874-09-29,1874,Verrill,41.279,-72.797
240,240,IZ.007898.CR,Ericthonius brasiliensis,Arthropoda,Malacostraca,Amphipoda,Ischyroceridae,Ericthonius,Atlantic Ocean,,Long Island Sound,USA,Connecticut,New Haven County,Guilford,Faulkner's Island,,,,1879-10-02,1879,Verrill,41.321,-72.693
97,97,IZ.000527.BV,Eschara sp.,Bryozoa,Gymnolaemata,Cheilostomata, ,Eschara,Atlantic Ocean,,,USA,,,,Long Island Sound,,,,,,Verrill,,
420,420,IZ.049879,Escharelloides spinulifera,Bryozoa,Gymnolaemata,Cheilostomatida,Hincksiporidae,Escharelloides ,Atlantic Ocean,,Long Island Sound,USA,Connecticut,New Haven County,,Thimble Islands,,,,1874,1874,Verrill,,
251,251,IZ.008254.CR,Eubranchipus vernalis,Arthropoda,Branchiopoda,Anostraca,Chirocephalidae,Eubranchipus,Atlantic Ocean,,Long Island Sound,USA,Connecticut,New Haven County,,New Haven,,,,,,Verrill,41.307,-72.925
355,355,IZ.045175,Euspira heros,Mollusca,Gastropoda,Littorinimorpha,Naticidae,Euspira,Atlantic Ocean,,,USA,,,,Long Island Sound,,,,,,Verrill,,
356,356,IZ.045176,Euspira heros,Mollusca,Gastropoda,Littorinimorpha,Naticidae,Euspira,Atlantic Ocean,,Long Island Sound,USA,Connecticut,New Haven County,,New Haven,,,,,,Verrill,41.307,-72.925
357,357,IZ.045177,Euspira heros,Mollusca,Gastropoda,Littorinimorpha,Naticidae,Euspira,Atlantic Ocean,,Long Island Sound,USA,Connecticut,New Haven County,,New Haven,,,,,,Verrill,41.307,-72.925
358,358,IZ.045179,Euspira heros,Mollusca,Gastropoda,Littorinimorpha,Naticidae,Euspira,Atlantic Ocean,,,USA,,,,Long Island Sound,,,,,,Verrill,,
419,419,IZ.048977,Eusyllis fragilis,Annelida,Polychaeta,Phyllodocida,Syllidae,Eusyllis,Atlantic Ocean,,Long Island Sound,USA,Connecticut,New Haven County,West Haven,Savin Rock,,,,1877-10-,1877,Verrill,41.275,-72.964
65,65,IZ.000405.AN,Fabricia stellaris,Annelida,Polychaeta,Sabellida,Fabriciidae,Fabricia,Atlantic Ocean,,Long Island Sound,USA,Connecticut,New Haven County,West Haven,Savin Rock,,,,,,Verrill,41.275,-72.964
444,444,IZ.102171,Flabellifera,Arthropoda,Malacostraca,Isopoda, , ,Atlantic Ocean,,Long Island Sound,USA,Connecticut,New Haven County,Guilford,Faulkner's Island,,,,1870-10-02,1870,Verrill,41.321,-72.693
83,83,IZ.000416.TN,Flustrellidra hispida,Bryozoa,Gymnolaemata,Ctenostomata,Flustrellidridae,Flustrellidra ,Atlantic Ocean,,Long Island Sound,USA,Connecticut,New Haven County,,West Haven,Savin Rock,,,1873-05-05,1873,Verrill,41.275,-72.964
187,187,IZ.004616.CR,Gammarus annulatus,Arthropoda,Malacostraca,Amphipoda,Gammaridae,Gammarus,Atlantic Ocean,,Long Island Sound,USA,Connecticut,New Haven County,,New Haven,,,,1873-05-05,1873,Verrill,41.307,-72.925
219,219,IZ.007483.CR,Gammarus lawrencianus,Arthropoda,Malacostraca,Amphipoda,Gammaridae,Gammarus,Atlantic Ocean,,Long Island Sound,USA,Connecticut,New Haven County,,New Haven,,,,1873-05-01,1873,Verrill,41.307,-72.925
186,186,IZ.004595.CR,Gammarus mucronatus,Arthropoda,Malacostraca,Amphipoda,Gammaridae,Gammarus,Atlantic Ocean,,Long Island Sound,USA,Connecticut,New Haven County,,New Haven,,,,1873-05-05,1873,Verrill,41.307,-72.925
188,188,IZ.004701.CR,Gammarus oceanicus,Arthropoda,Malacostraca,Amphipoda,Gammaridae,Gammarus,Atlantic Ocean,,Long Island Sound,USA,Connecticut,New Haven County,,New Haven,,,,,,Verrill,41.307,-72.925
223,223,IZ.007596.CR,Gammarus oceanicus,Arthropoda,Malacostraca,Amphipoda,Gammaridae,Gammarus,Atlantic Ocean,,Long Island Sound,USA,Connecticut,New Haven County,West Haven,Savin Rock,"3/4 tide, among grassroots",,,1874-06-01,1874,Verrill,41.275,-72.964
224,224,IZ.007597.CR,Gammarus oceanicus,Arthropoda,Malacostraca,Amphipoda,Gammaridae,Gammarus,Atlantic Ocean,,Long Island Sound,USA,Connecticut,New Haven County,West Haven,Savin Rock,"3/4 tide, among grassroots",,,1874-06-01,1874,Verrill,41.275,-72.964
226,226,IZ.007599.CR,Gammarus oceanicus,Arthropoda,Malacostraca,Amphipoda,Gammaridae,Gammarus,Atlantic Ocean,,Long Island Sound,USA,Connecticut,New Haven County,West Haven,Savin Rock,,,,1872-05-22,1872,Verrill,41.275,-72.964
238,238,IZ.007896,Gammarus oceanicus,Arthropoda,Malacostraca,Amphipoda,Gammaridae,Gammarus,Atlantic Ocean,,Long Island Sound,USA,Connecticut,New Haven County,Guilford,Faulkner's Island,,,,1879-10-02,1879,Verrill,41.321,-72.693
264,264,IZ.008835.CR,Gammarus oceanicus,Arthropoda,Malacostraca,Amphipoda,Gammaridae,Gammarus,Atlantic Ocean,,Long Island Sound,USA,Connecticut,New Haven County,,New Haven,,,,,,Verrill,41.307,-72.925
220,220,IZ.007484.CR,Gammarus palustris,Arthropoda,Malacostraca,Amphipoda,Gammaridae,Gammarus,Atlantic Ocean,,Long Island Sound,USA,Connecticut,New Haven County,,New Haven,,,,1873-05-01,1873,Verrill,41.307,-72.925
222,222,IZ.007595.CR,Gammarus palustris,Arthropoda,Malacostraca,Amphipoda,Gammaridae,Gammarus,Atlantic Ocean,,Long Island Sound,USA,Connecticut,New Haven County,West Haven,Savin Rock,"3/4 tide, among grassroots",,,1874-06-01,1874,Verrill,41.275,-72.964
246,246,IZ.008038.CR,Gammarus palustris,Arthropoda,Malacostraca,Amphipoda,Gammaridae,Gammarus,Atlantic Ocean,,Long Island Sound,USA,Connecticut,New Haven County,,New Haven,,,,1873-05-05,1873,Verrill,41.307,-72.925
450,450,IZ.102179,Gammarus palustris,Arthropoda,Malacostraca,Amphipoda,Gammaridae,Gammarus,Atlantic Ocean,,Long Island Sound,USA,Connecticut,New Haven County,West Haven,Savin Rock,In pool near low water,,,1874-06-01,1874,Verrill,41.275,-72.964
265,265,IZ.008836.CR,Gammarus sp.,Arthropoda,Malacostraca,Amphipoda,Gammaridae,Gammarus,Atlantic Ocean,,Long Island Sound,USA,Connecticut,New Haven County,,New Haven,,,,,,Verrill,41.307,-72.925
322,322,IZ.039103,Geukensia demissa,Mollusca,Bivalvia,Mytiloida,Mytilidae,Geukensia,Atlantic Ocean,,Long Island Sound,USA,Connecticut,New Haven County,West Haven,Savin Rock,,,,,,Verrill,41.275,-72.964
3,3,IZ.000085.CR,Gilvossius setimanus,Arthropoda,Malacostraca,Decapoda,Callianassidae,Gilvossius,Atlantic Ocean,,,USA,,,,Long Island Sound,,,,1865,1865,Verrill,,
198,198,IZ.005653.CR,Gilvossius setimanus,Arthropoda,Malacostraca,Decapoda,Callianassidae,Gilvossius,Atlantic Ocean,,Long Island Sound,USA,Connecticut,New Haven County,Branford,Thimble Islands,,,,1896,1896,Verrill,41.279,-72.797
199,199,IZ.005654.CR,Gilvossius setimanus,Arthropoda,Malacostraca,Decapoda,Callianassidae,Gilvossius,Atlantic Ocean,,Long Island Sound,USA,Connecticut,New Haven County,,New Haven,South End,,,1875-11-,1875,Verrill,41.307,-72.925
200,200,IZ.005657.CR,Gilvossius setimanus,Arthropoda,Malacostraca,Decapoda,Callianassidae,Gilvossius,Atlantic Ocean,,Long Island Sound,USA,Connecticut,New Haven County,,New Haven,"South End & Stony Creek, Branford",,,,,Verrill,41.307,-72.925
26,26,IZ.000218.AN,Glycera americana,Annelida,Polychaeta,Phyllodocida,Glyceridae,Glycera ,Atlantic Ocean,,Long Island Sound,USA,Connecticut,New Haven County,,Stony Creek,,,,1871-05-15,1871,Verrill,41.279,-72.797
330,330,IZ.043449,Glycera dibranchiata,Annelida,Polychaeta,Phyllodocida,Glyceridae,Euglycera,Atlantic Ocean,,Long Island Sound,USA,Connecticut,New Haven County,Branford,Thimble Islands,Outer Island,,,1894,1894,Verrill,41.279,-72.797
193,193,IZ.005454.CN,Halecium delicatulum,Cnidaria,Hydrozoa,Hydroida,Haleciidae,Halecium,Atlantic Ocean,,Long Island Sound,USA,Connecticut,New Haven County,,New Haven,,,,,,Verrill,41.307,-72.925
194,194,IZ.005455.CN,Halecium delicatulum,Cnidaria,Hydrozoa,Hydroida,Haleciidae,Halecium,Atlantic Ocean,,Long Island Sound,USA,Connecticut,New Haven County,,New Haven,,,,,,Verrill,41.307,-72.925
195,195,IZ.005456.CN,Halecium delicatulum,Cnidaria,Hydrozoa,Hydroida,Haleciidae,Halecium,Atlantic Ocean,,Long Island Sound,USA,Connecticut,New Haven County,,New Haven,,,,,,Verrill,41.307,-72.925
196,196,IZ.005457.CN,Halecium delicatulum,Cnidaria,Hydrozoa,Hydroida,Haleciidae,Halecium,Atlantic Ocean,,Long Island Sound,USA,Connecticut,New Haven County,,New Haven,,,,,,Verrill,41.307,-72.925
197,197,IZ.005458.CN,Halecium delicatulum,Cnidaria,Hydrozoa,Hydroida,Haleciidae,Halecium,Atlantic Ocean,,Long Island Sound,USA,Connecticut,New Haven County,,New Haven,,,,,,Verrill,41.307,-72.925
2,2,IZ.000020.PR,Halichondria sp.,Porifera,Demospongiae,Halichondrida,Halichondriidae,Halichondria,Atlantic Ocean,,,USA,Connecticut,,,Long Island Sound,on beach,,,,,Verrill,,
86,86,IZ.000430.PR,Haliclona oculata,Porifera,Demospongiae,Haplosclerida,Chalinidae,Haliclona,Atlantic Ocean,,Long Island Sound,USA,Connecticut,New Haven County,,New Haven,,,,,,Verrill,41.307,-72.925
92,92,IZ.000469.PR,Haliclona oculata,Porifera,Demospongiae,Haplosclerida,Chalinidae,Haliclona,Atlantic Ocean,,Long Island Sound,USA,Connecticut,New Haven County,Branford,Thimble Islands,,,,,,Verrill,41.279,-72.797
101,101,IZ.000603.PR,Haliclona oculata,Porifera,Demospongiae,Haplosclerida,Chalinidae,Haliclona,Atlantic Ocean,,Long Island Sound,USA,Connecticut,New Haven County,,New Haven,,,,,,Verrill,41.307,-72.925
102,102,IZ.000605.PR,Haliclona oculata,Porifera,Demospongiae,Haplosclerida,Chalinidae,Haliclona,Atlantic Ocean,,Long Island Sound,USA,Connecticut,New Haven County,,New Haven,,,,,,Verrill,41.307,-72.925
263,263,IZ.008826.CN,Haloclava producta,Cnidaria,Anthozoa,Actiniaria,Haloclavidae,Haloclava,Atlantic Ocean,,Long Island Sound,USA,Connecticut,New Haven County,,New Haven,,,,,,Verrill,41.307,-72.925
48,48,IZ.000269.AN,Halodrilus littoralis,Annelida,Oligochaeta, , ,Halodrillus,Atlantic Ocean,,Long Island Sound,USA,Connecticut,New Haven County,West Haven,Savin Rock,(and Stony Creek),,,,,Verrill,41.275,-72.964
155,155,IZ.002331.AN,Harmothoe extenuata,Annelida,Polychaeta,Phyllodocida,Polynoidae,Harmothoe,Atlantic Ocean,,Long Island Sound,USA,Connecticut,New Haven County,Branford,Thimble Islands,Outer Island,,,,,Verrill,41.279,-72.797
124,124,IZ.000840.AN,Harmothoe imbricata,Annelida,Polychaeta,Phyllodocida,Polynoidae,Harmothoe,Atlantic Ocean,,Long Island Sound,USA,Connecticut,New Haven County,,West Haven,Savin Rock,,,1872-05-,1872,Verrill,41.275,-72.964
293,293,IZ.027103,Harmothoe imbricata,Annelida,Polychaeta,Phyllodocida,Polynoidae,Harmothoe,Atlantic Ocean,,Long Island Sound,USA,Connecticut,New Haven County,,West Haven,Savin Rock,,,1872-05-,1872,Verrill,41.275,-72.964
294,294,IZ.027119,Harmothoe imbricata,Annelida,Polychaeta,Phyllodocida,Polynoidae,Harmothoe,Atlantic Ocean,,Long Island Sound,USA,Connecticut,New Haven County,New Haven,South End,,,,1875-11-,1875,Verrill,41.307,-72.925
295,295,IZ.027122,Harmothoe imbricata,Annelida,Polychaeta,Phyllodocida,Polynoidae,Harmothoe,Atlantic Ocean,,Long Island Sound,USA,Connecticut,New Haven County,,New Haven,,,,1877,1877,Verrill,41.307,-72.925
296,296,IZ.027124,Harmothoe imbricata,Annelida,Polychaeta,Phyllodocida,Polynoidae,Harmothoe,Atlantic Ocean,,Long Island Sound,USA,Connecticut,New Haven County,,Guilford,Falkner Island,,,1873,1873,Verrill,41.321,-72.693
105,105,IZ.000608.GP,Helicodiscus lineata,Mollusca,Gastropoda,Stylommatophora,Helicodiscidae,Helicodiscus,Atlantic Ocean,,Long Island Sound,USA,Connecticut,New Haven County,,New Haven,,,,,,Verrill,41.307,-72.925
428,428,IZ.060683,Helobdella modesta,Annelida,Hirudinea, ,Glossiphoniidae,Helobdella,Atlantic Ocean,,Long Island Sound,USA,Connecticut,New Haven County,,New Haven,Harris Pond,,,1881-05-,1881,Verrill,41.307,-72.925
36,36,IZ.000229.AN,Heteronereis sp.,Annelida,Polychaeta,Errantida,Nereidae,Heteronereis,Atlantic Ocean,,Long Island Sound,USA,Connecticut,New Haven County,West Haven,Savin Rock,,,,1870-10-,1870,Verrill,41.275,-72.964
103,103,IZ.000606.GP,Hyalina arborea,Mollusca,Gastropoda,Neogastropoda,Marginellidae,Hyalina,Atlantic Ocean,,Long Island Sound,USA,Connecticut,New Haven County,,New Haven,,,,,,Verrill,41.307,-72.925
128,128,IZ.001128.CN,Hydractinia polyclina,Cnidaria,Hydrozoa,Hydroida,Hydractiniidae,Hydractinia,Atlantic Ocean,,Long Island Sound,USA,Connecticut,New Haven County,,East Haven,,,,1865,1865,Verrill,41.297,-72.857
191,191,IZ.005436.CN,Hydroida,Cnidaria,Hydrozoa,Hydroida, , ,Atlantic Ocean,,Long Island Sound,USA,Connecticut,New Haven County,,Thimble Islands,,,,1874-09-23,1874,Verrill,,
305,305,IZ.036347,Hydroida,Cnidaria,Hydrozoa,Hydroida, , ,Atlantic Ocean,,Long Island Sound,USA,Connecticut,New Haven County,Branford,Thimble Islands,tide pool,,,1875-05-24,1875,Verrill,41.279,-72.797
10,10,IZ.000166.AN,Hydroides dianthus,Annelida,Polychaeta,Sedentarida,Serpulidae,Hydroides,Atlantic Ocean,,,USA,,,,Long Island Sound,,,,1866-10-,,Verrill,,
15,15,IZ.000185.AN,Hydroides dianthus,Annelida,Polychaeta,Sedentarida,Serpulidae,Hydroides,Atlantic Ocean,,Long Island Sound,USA,Connecticut,New Haven County,New Haven,Lighthouse Point,5 mile point,,,1866-10-31,,Verrill,,
37,37,IZ.000230.AN,Hydroides dianthus,Annelida,Polychaeta,Sedentarida,Serpulidae,Hydroides ,Atlantic Ocean,,Long Island Sound,USA,Connecticut,New Haven County,West Haven,Savin Rock,,,,1870-10-,1870,Verrill,41.275,-72.964
69,69,IZ.000407.AN,Hydroides dianthus,Annelida,Polychaeta,Sedentarida,Serpulidae,Hydroides ,Atlantic Ocean,,,USA,,,,Long Island Sound,,,,1865-02-,1865,Verrill,,
353,353,IZ.045006,Hydroides dianthus,Annelida,Polychaeta,Sedentarida,Serpulidae,Hydroides,Atlantic Ocean,,Long Island Sound,USA,Connecticut,New Haven County,,New Haven,South End,,,1874-11-,1874,Verrill,41.307,-72.925
81,81,IZ.000416.AN,Hydroides sp.,Annelida,Polychaeta,Sedentarida,Serpulidae,Hydroides,Atlantic Ocean,,,USA,,,,Long Island Sound,,,,1865,1865,Verrill,,
139,139,IZ.001701.AN,Hypereteone lactea,Annelida,Polychaeta,Phyllodocida,Phyllodocidae,Hypereteone,Atlantic Ocean,,Long Island Sound,USA,Connecticut,New Haven County,West Haven,Savin Rock,,,,1877-10-,1877,Verrill,41.275,-72.964
140,140,IZ.001954.CR,Idotea balthica,Arthropoda,Malacostraca,Isopoda,Idoteidae,Idotea,Atlantic Ocean,,Long Island Sound,USA,Connecticut,New Haven County,,New Haven,South End,,,1874-11-,1874,Verrill,41.307,-72.925
141,141,IZ.001955.CR,Idotea balthica,Arthropoda,Malacostraca,Isopoda,Idoteidae,Idotea,Atlantic Ocean,,Long Island Sound,USA,Connecticut,New Haven County,,Branford,Stony Creek,,,1874-10-23,1874,Verrill,41.279,-72.797
142,142,IZ.001969.CR,Idotea balthica,Arthropoda,Malacostraca,Isopoda,Idoteidae,Idotea,Atlantic Ocean,,Long Island Sound,USA,Connecticut,New Haven County,,New Haven,,,,1870,1870,Verrill,41.307,-72.925
143,143,IZ.001971.CR,Idotea balthica,Arthropoda,Malacostraca,Isopoda,Idoteidae,Idotea,Atlantic Ocean,,Long Island Sound,USA,Connecticut,New Haven County,Branford,Thimble Islands,,,,,,Verrill,41.279,-72.797
144,144,IZ.001972.CR,Idotea balthica,Arthropoda,Malacostraca,Isopoda,Idoteidae,Idotea,Atlantic Ocean,,Long Island Sound,USA,Connecticut,New Haven County,West Haven,Savin Rock,(and New Haven),,,1871-05-01,1871,Verrill,41.275,-72.964
207,207,IZ.006327.CR,Idotea balthica,Arthropoda,Malacostraca,Isopoda,Idoteidae,Idotea,Atlantic Ocean,,Long Island Sound,USA,Connecticut,New Haven County,,West Haven,,,,1871-05-29,1871,Verrill,41.275,-72.964
145,145,IZ.001980.CR,Idotea phosphorea,Arthropoda,Malacostraca,Isopoda,Idoteidae,Idotea,Atlantic Ocean,,Long Island Sound,USA,Connecticut,New Haven County,,New Haven,South End,,,1874-11-18,1874,Verrill,41.307,-72.925
182,182,IZ.003570.CR,Idotea phosphorea,Arthropoda,Malacostraca,Isopoda,Idoteidae,Idotea,Atlantic Ocean,,Long Island Sound,USA,Connecticut,New Haven County,,New Haven,,,,,,Verrill,41.307,-72.925
208,208,IZ.006351.CR,Idotea phosphorea,Arthropoda,Malacostraca,Isopoda,Idoteidae,Idotea,Atlantic Ocean,,Long Island Sound,USA,Connecticut,New Haven County,Branford,Thimble Islands,,,,,,Verrill,41.279,-72.797
192,192,IZ.005453.CR,Ischyrocerus anguipes,Arthropoda,Malacostraca,Amphipoda,Ischyroceridae,Ischyrocerus,Atlantic Ocean,,Long Island Sound,USA,Connecticut,New London County,,Stonington,Off Stonington,,,1873,1873,Verrill,41.368,-71.907
104,104,IZ.000606.PR,Isodictya sp.,Porifera,Demospongiae,Poecilosclerida,Isodictyidae,Isodictya,Atlantic Ocean,,,USA,,,,Long Island Sound,,,,,,Verrill,,
319,319,IZ.038216,Isopoda,Arthropoda,Malacostraca,Isopoda, , ,Atlantic Ocean,,Long Island Sound,USA,Connecticut,New Haven County,,New Haven,,,,,,Verrill,41.307,-72.925
320,320,IZ.038217,Isopoda,Arthropoda,Malacostraca,Isopoda, , ,Atlantic Ocean,,Long Island Sound,USA,Connecticut,New Haven County,,New Haven,,,,,,Verrill,41.307,-72.925
321,321,IZ.038226,Isopoda,Arthropoda,Malacostraca,Isopoda, , ,Atlantic Ocean,,Long Island Sound,USA,Connecticut,New Haven County,,West Haven,Savin Rock,,,1873-05-05,1873,Verrill,41.275,-72.964
225,225,IZ.007598.CR,Jaera albifrons,Arthropoda,Malacostraca,Isopoda,Janiridae,Jaera,Atlantic Ocean,,Long Island Sound,USA,Connecticut,New Haven County,West Haven,Savin Rock,"3/4 tide, among grassroots",,,1874-06-01,1874,Verrill,41.275,-72.964
232,232,IZ.007789.CR,Jaera albifrons,Arthropoda,Malacostraca,Isopoda,Janiridae,Jaera,Atlantic Ocean,,Long Island Sound,USA,Connecticut,New Haven County,Branford,Thimble Islands,in pools,,,1874-09-29,1874,Verrill,41.279,-72.797
286,286,IZ.015161.GP,Lacuna vincta,Mollusca,Gastropoda,Littorinimorpha,Littorinidae,Lacuna,Atlantic Ocean,,Long Island Sound,USA,Connecticut,New Haven County,,New Haven,South End,,,1874-11-,1874,Verrill,41.307,-72.925
422,422,IZ.050600,Lacuna vincta,Mollusca,Gastropoda,Littorinimorpha,Littorinidae,Lacuna,Atlantic Ocean,,Long Island Sound,USA,Connecticut,New Haven County,,Thimble Islands,,,,1874,1874,Verrill,,
151,151,IZ.002239.AN,Leitoscoloplos fragilis,Annelida,Polychaeta,Orbiniida,Orbiniidae,Leitoscoloplos,Atlantic Ocean,,Long Island Sound,USA,Connecticut,New Haven County,West Haven,Savin Rock,,,,1872,1872,Verrill,41.275,-72.964
163,163,IZ.002688.AN,Leitoscoloplos fragilis,Annelida,Polychaeta,Orbiniida,Orbiniidae,Leitoscoloplos,Atlantic Ocean,,Long Island Sound,USA,Connecticut,New Haven County,West Haven,Savin Rock,,,,,,Verrill,41.275,-72.964
113,113,IZ.000644.AN,Leitoscoloplos robustus,Annelida,Polychaeta,Orbiniida,Orbiniidae,Leitoscoloplos ,Atlantic Ocean,,Long Island Sound,USA,Connecticut,New Haven County,,New Haven,,,,,,Verrill,41.307,-72.925
114,114,IZ.000645.AN,Leitoscoloplos robustus,Annelida,Polychaeta,Orbiniida,Orbiniidae,Leitoscoloplos,Atlantic Ocean,,Long Island Sound,USA,Connecticut,New Haven County,,West Haven,Savin Rock,,,1872-05-,1872,Verrill,41.275,-72.964
152,152,IZ.002259.AN,Leitoscoloplos robustus,Annelida,Polychaeta,Orbiniida,Orbiniidae,Leitoscoloplos,Atlantic Ocean,,Long Island Sound,USA,Connecticut,New Haven County,,West Haven,Savin Rock,,,1872-05-,1872,Verrill,41.275,-72.964
153,153,IZ.002261.AN,Leitoscoloplos robustus,Annelida,Polychaeta,Orbiniida,Orbiniidae,Leitoscoloplos ,Atlantic Ocean,,Long Island Sound,USA,Connecticut,New Haven County,,New Haven,,,,1870,1870,Verrill,41.307,-72.925
71,71,IZ.000408.AN,Lepidonotus squamatus,Annelida,Polychaeta,Phyllodocida,Polynoidae,Lepidonotus,Atlantic Ocean,,Long Island Sound,USA,Connecticut,New Haven County,,New Haven,,,,1865-02-,1865,Verrill,41.307,-72.925
298,298,IZ.027211,Lepidonotus squamatus,Annelida,Polychaeta,Phyllodocida,Polynoidae,Lepidonotus,Atlantic Ocean,,Long Island Sound,USA,Connecticut,New Haven County,Branford,Thimble Islands,,,,1873,1873,Verrill,41.279,-72.797
299,299,IZ.027214,Lepidonotus squamatus,Annelida,Polychaeta,Phyllodocida,Polynoidae,Lepidonotus,Atlantic Ocean,,Long Island Sound,USA,Connecticut,New Haven County,Branford,Thimble Islands,Outer Island,,,1894-10-,1894,Verrill,41.279,-72.797
300,300,IZ.027231,Lepidonotus squamatus,Annelida,Polychaeta,Phyllodocida,Polynoidae,Lepidonotus,Atlantic Ocean,,Long Island Sound,USA,Connecticut,New Haven County,Guilford,Falkner Island,,,,1873-10-02,1873,Verrill,41.321,-72.693
38,38,IZ.000231.AN,Lepidonotus sublevis,Annelida,Polychaeta,Phyllodocida,Polynoidae,Lepidonotus,Atlantic Ocean,,,USA,,,,Long Island Sound,,,,1865,1865,Verrill,,
134,134,IZ.001525.AN,Lepidonotus sublevis,Annelida,Polychaeta,Phyllodocida,Polynoidae,Lepidonotus,Atlantic Ocean,,Long Island Sound,USA,Connecticut,New Haven County,Guilford,Falkner Island,,,,1873-10-02,1873,Verrill,41.321,-72.693
135,135,IZ.001527.AN,Lepidonotus sublevis,Annelida,Polychaeta,Phyllodocida,Polynoidae,Lepidonotus,Atlantic Ocean,,Long Island Sound,USA,Connecticut,New Haven County,,New Haven,,,,1865-05-,1865,Verrill,41.307,-72.925
136,136,IZ.001528.AN,Lepidonotus sublevis,Annelida,Polychaeta,Phyllodocida,Polynoidae,Lepidonotus,Atlantic Ocean,,Long Island Sound,USA,Connecticut,New Haven County,,New Haven,,,,,,Verrill,41.307,-72.925
137,137,IZ.001529.AN,Lepidonotus sublevis,Annelida,Polychaeta,Phyllodocida,Polynoidae,Lepidonotus,Atlantic Ocean,,Long Island Sound,USA,Connecticut,New Haven County,,West Haven,Savin Rock,,,1872-05-,1872,Verrill,41.275,-72.964
138,138,IZ.001533.AN,Lepidonotus sublevis,Annelida,Polychaeta,Phyllodocida,Polynoidae,Lepidonotus,Atlantic Ocean,,Long Island Sound,USA,Connecticut,New Haven County,New Haven,South End,,,,1875-11-,1875,Verrill,41.307,-72.925
440,440,IZ.095807,Lepidonotus sublevis,Annelida,Polychaeta,Phyllodocida,Polynoidae,Lepidonotus,Atlantic Ocean,,Long Island Sound,USA,Connecticut,New Haven County,West Haven,Savin Rock,,,,1877,1877,Verrill,41.275,-72.964
252,252,IZ.008257.CR,Leptocheirus pinguis,Arthropoda,Malacostraca,Amphipoda,Corophiidae,Leptocheirus,Atlantic Ocean,,Long Island Sound,USA,Connecticut,New Haven County,,New Haven,,,,,,Verrill,41.307,-72.925
457,457,IZ.102196,Leptocheirus pinguis,Arthropoda,Malacostraca,Amphipoda,Corophiidae,Leptocheirus,Atlantic Ocean,,Long Island Sound,USA,Connecticut,New London County,,Noank,,,,1874,1874,Verrill,41.358,-72.028
438,438,IZ.093895,Leptosynapta tenuis,Echinodermata,Holothuroidea,Apodida,Synaptidae,Leptosynapta,Atlantic Ocean,,Long Island Sound,USA,Connecticut,New Haven County,,New Haven,,,,,,Verrill,41.307,-72.925
1,1,IZ.000006.NM,Lineus sanguineus,Nemertina,Anopla,Heteronemertea,Lineidae,Lineus,Atlantic Ocean,,Long Island Sound,USA,Connecticut,New Haven County,West Haven,Savin Rock,(and South End),,,1866-12-,1866,Verrill,41.275,-72.964
211,211,IZ.006431.BV,Lunarca ovalis,Mollusca,Bivalvia,Arcoida,Arcidae,Lunarca,Atlantic Ocean,,,USA,,,,Long Island Sound,,,,,,Verrill,,
77,77,IZ.000414.AN,Macrobdella decora,Annelida,Hirudinea, ,Hirudidae,Macrobdella,Atlantic Ocean,,Long Island Sound,USA,Connecticut,New Haven County,,New Haven,,,,1835,1835,Verrill,41.307,-72.925
316,316,IZ.037829,Malacobdella grossa,Nemertina,Enopla,Bdellonemertea,Malacobdellidae,Malacobdella,Atlantic Ocean,,Long Island Sound,USA,Connecticut,New Haven County,,New Haven,,,,1871-10-,1871,Verrill,41.307,-72.925
336,336,IZ.044139,Maldanidae,Annelida,Polychaeta,Capitellida,Maldanidae, ,Atlantic Ocean,,Long Island Sound,USA,Connecticut,New Haven County,,New Haven,,,,,,Verrill,41.307,-72.925
354,354,IZ.045092,Marenzelleria viridis,Annelida,Polychaeta,Sedentarida,Spionidae,Marenzelleria ,Atlantic Ocean,,Long Island Sound,USA,Connecticut,New Haven County,,New Haven,,,,,,Verrill,41.307,-72.925
34,34,IZ.000227.AN,Marphysa sanguinea,Annelida,Polychaeta,Eunicida,Eunicidae,Marphysa,Atlantic Ocean,,Long Island Sound,USA,Connecticut,New Haven County,West Haven,Savin Rock,,,,1870-10-,1870,Verrill,41.275,-72.964
427,427,IZ.055168,Marshallora nigrocincta,Mollusca,Gastropoda,Littorinimorpha,Triphoridae,Marshallora,Atlantic Ocean,,Long Island Sound,USA,Connecticut,New Haven County,Branford,Thimble Islands,,,,1873,1873,Verrill,41.279,-72.797
247,247,IZ.008039.CR,Melita nitida,Arthropoda,Malacostraca,Amphipoda,Melitidae,Melita,Atlantic Ocean,,Long Island Sound,USA,Connecticut,New Haven County,,New Haven,,,,1873-05-05,1873,Verrill,41.307,-72.925
276,276,IZ.009504.CN,Metridium senile,Cnidaria,Anthozoa,Actiniaria,Metridiiae,Metridium,Atlantic Ocean,,Long Island Sound,USA,Connecticut,New Haven County,,New Haven,,,,,,Verrill,41.307,-72.925
277,277,IZ.009512.CN,Metridium senile,Cnidaria,Anthozoa,Actiniaria,Metridiiae,Metridium,Atlantic Ocean,,Long Island Sound,USA,Connecticut,New Haven County,West Haven,Savin Rock,,,,1881-05-21,1881,Verrill,41.275,-72.964
278,278,IZ.009513.CN,Metridium senile,Cnidaria,Anthozoa,Actiniaria,Metridiiae,Metridium,Atlantic Ocean,,Long Island Sound,USA,Connecticut,New Haven County,Branford,Thimble Islands,Outer Island,,,,,Verrill,41.279,-72.797
311,311,IZ.037780,Micrura leidyi,Nemertina,Anopla,Heteronemertea,Lineidae,Micrura ,Atlantic Ocean,,Long Island Sound,USA,Connecticut,New Haven County,,West Haven,Savin Rock,,,1871-10-,1871,Verrill,41.275,-72.964
312,312,IZ.037784,Micrura leidyi,Nemertina,Anopla,Heteronemertea ,Lineidae,Micrura ,Atlantic Ocean,,Long Island Sound,USA,Connecticut,New Haven County,,West Haven,Savin Rock,,,1872-05-,1872,Verrill,41.275,-72.964
309,309,IZ.037757,Micrura sp.,Nemertina,Anopla,Heteronemertea,Lineidae,Meckelia,Atlantic Ocean,,Long Island Sound,USA,Connecticut,New Haven County,,New Haven,,,,,,Verrill,41.307,-72.925
310,310,IZ.037758,Micrura sp.,Nemertina,Anopla,Heteronemertea,Lineidae,Meckelia,Atlantic Ocean,,Long Island Sound,USA,Connecticut,New Haven County,,New Haven,,,,,,Verrill,41.307,-72.925
100,100,IZ.000550.TN,Molgula manhattensis,Chordata,Ascidiacea,Stolidobranchia,Molgulidae,Molgula,Atlantic Ocean,,Long Island Sound,USA,Connecticut,New Haven County,New Haven,New Haven Harbor,,,,1866,1866,Verrill,41.307,-72.925
159,159,IZ.002589.TN,Molgula manhattensis,Chordata,Ascidiacea,Stolidobranchia,Molgulidae,Molgula,Atlantic Ocean,,Long Island Sound,USA,Connecticut,New Haven County,West Haven,Savin Rock,,,,,,Verrill,41.275,-72.964
160,160,IZ.002590.TN,Molgula manhattensis,Chordata,Ascidiacea,Stolidobranchia,Molgulidae,Molgula,Atlantic Ocean,,Long Island Sound,USA,Connecticut,New Haven County,,New Haven,,,,,,Verrill,41.307,-72.925
161,161,IZ.002598.TN,Molgula manhattensis,Chordata,Ascidiacea,Stolidobranchia,Molgulidae,Molgula,Atlantic Ocean,,Long Island Sound,USA,Connecticut,New Haven County,,New Haven,,,,1883,1883,Verrill,41.307,-72.925
162,162,IZ.002600.TN,Molgula manhattensis,Chordata,Ascidiacea,Stolidobranchia,Molgulidae,Molgula,Atlantic Ocean,,Long Island Sound,USA,Connecticut,New Haven County,Branford,Thimble Islands,,,,,,Verrill,41.279,-72.797
337,337,IZ.044245,Nectonereis megalops,Annelida,Polychaeta,Errantida,Nereidae,Nectonereis ,Atlantic Ocean,,Long Island Sound,USA,Connecticut,New Haven County,Guilford,Falkner Island,,,,1873-10-02,1873,Verrill,41.321,-72.693
317,317,IZ.037983,Nemertea,Nemertea, , , , ,Atlantic Ocean,,Long Island Sound,USA,Connecticut,New Haven County,,New Haven,,,,,,Verrill,41.307,-72.925
318,318,IZ.037985,Nemertea,Nemertea, , , , ,Atlantic Ocean,,Long Island Sound,USA,Connecticut,New Haven County,,New Haven,,,,,,Verrill,41.307,-72.925
213,213,IZ.006527.CR,Neomysis americana,Arthropoda,Malacostraca,Mysidacea,Mysidae,Neomysis,Atlantic Ocean,,Long Island Sound,USA,Connecticut,New Haven County,,West Haven,Savin Rock,,,1873-05-05,1873,Verrill,41.275,-72.964
214,214,IZ.006529.CR,Neomysis americana,Arthropoda,Malacostraca,Mysidacea,Mysidae,Neomysis,Atlantic Ocean,,Long Island Sound,USA,Connecticut,New Haven County,,New Haven,,,,1873-05-05,1873,Verrill,41.307,-72.925
249,249,IZ.008156.CR,Neomysis americana,Arthropoda,Malacostraca,Mysidacea,Mysidae,Neomysis ,Atlantic Ocean,,Long Island Sound,USA,Connecticut,New Haven County,,New Haven,,,,1873-05-05,1873,Verrill,41.307,-72.925
250,250,IZ.008157.CR,Neomysis americana,Arthropoda,Malacostraca,Mysidacea,Mysidae,Neomysis ,Atlantic Ocean,,Long Island Sound,USA,Connecticut,New Haven County,,New Haven,,,,1873-05-05,1873,Verrill,41.307,-72.925
449,449,IZ.102176,Nereidae,Annelida,Polychaeta,Errantida,Nereidae, ,Atlantic Ocean,,Long Island Sound,USA,Connecticut,New Haven County,Guilford,Faulkner's Island,,,,1870-10-02,1870,Verrill,41.321,-72.693
9,9,IZ.000162.AN,Nicolea simplex,Annelida,Polychaeta,Terebellida,Terebellidae,Nicolea,Atlantic Ocean,,Long Island Sound,USA,Connecticut,New Haven County,West Haven,Savin Rock,,,,1865,,Verrill,,
123,123,IZ.000795.AN,Notomastus luridus,Annelida,Polychaeta,Capitellida,Capitellidae,Notomastus,Atlantic Ocean,,Long Island Sound,USA,Connecticut,New Haven County,,West Haven,Savin Rock,,,1872-05-,1872,Verrill,41.275,-72.964
217,217,IZ.007265.CN,Obelia bidentata,Cnidaria,Hydrozoa,Hydroida,Campanulariidae,Obelia,Atlantic Ocean,,Long Island Sound,USA,Connecticut,New Haven County,Branford,Thimble Islands,in pools,,,1874-09-29,1874,Verrill,41.279,-72.797
87,87,IZ.000432.TN,Omalosecosa ramulosa,Bryozoa,Gymnolaemata,Cheilostomata,Celleporidae,Omalosecosa,Atlantic Ocean,,,USA,,,,Long Island Sound,,,,1874-07-23,1874,Verrill,,
446,446,IZ.102173,Ostracoda,Arthropoda,Ostracoda, , , ,Atlantic Ocean,,Long Island Sound,USA,Connecticut,New Haven County,Guilford,Faulkner's Island,,,,1870-10-02,1870,Verrill,41.321,-72.693
243,243,IZ.007935.CR,Pagurus longicarpus,Arthropoda,Malacostraca,Decapoda,Paguridae,Pagurus,Atlantic Ocean,,,USA,,,,Long Island Sound,,,,,,Verrill,,
244,244,IZ.007943.CR,Pagurus longicarpus,Arthropoda,Malacostraca,Decapoda,Paguridae,Pagurus,Atlantic Ocean,,Long Island Sound,USA,Connecticut,New Haven County,Branford,Thimble Islands,Outer Island,,,,,Verrill,41.279,-72.797
215,215,IZ.006900.CR,Pagurus pollicaris,Arthropoda,Malacostraca,Decapoda,Paguridae,Pagurus,Atlantic Ocean,,,USA,,,,Long Island Sound,,,,1865,1865,Verrill,,
245,245,IZ.007954.CR,Pagurus pollicaris,Arthropoda,Malacostraca,Decapoda,Paguridae,Pagurus,Atlantic Ocean,,Long Island Sound,USA,Connecticut,New Haven County,Branford,Thimble Islands,Outer Island,,,,,Verrill,41.279,-72.797
16,16,IZ.000188.AN,Parasabella microphthalma,Annelida,Polychaeta,Phyllodocida,Sabellidae,Parasabella,Atlantic Ocean,,Long Island Sound,USA,Connecticut,New Haven County,New Haven,Lighthouse Point,5 mile point,,,1871-10-,1871,Verrill,41.307,-72.925
62,62,IZ.000399.AN,Parasabella microphthalma,Annelida,Polychaeta,Phyllodocida,Sabellidae,Parasabella,Atlantic Ocean,,Long Island Sound,USA,Connecticut,New Haven County,New Haven,South End,In decayed wood,,,1866-12-,1866,Verrill,41.307,-72.925
351,351,IZ.044820,Parasabella microphthalma,Annelida,Polychaeta,Phyllodocida,Sabellidae,Parasabella,Atlantic Ocean,,Long Island Sound,USA,Connecticut,New Haven County,,New Haven,,,,1877,1877,Verrill,41.307,-72.925
352,352,IZ.044825,Parasabella microphthalma,Annelida,Polychaeta,Phyllodocida,Sabellidae,Parasabella,Atlantic Ocean,,Long Island Sound,USA,Connecticut,New Haven County,,New Haven,,,,,,Verrill,41.307,-72.925
180,180,IZ.002899,Parasmittina nitida,Bryozoa,Gymnolaemata,Cheilostomata,Smittinidae,Parasmittina,Atlantic Ocean,,Long Island Sound,USA,Connecticut,New Haven County,,Thimble Islands,,,,1874,1874,Verrill,,
189,189,IZ.004891.EC,Pentamera pulcherrima,Echinodermata,Holothuroidea,Dendrochirotida,Phyllophoridae,Pentamera,Atlantic Ocean,,Long Island Sound,USA,Connecticut,New Haven County,,Thimble Islands,,,,1874-09-23,1874,Verrill,,
267,267,IZ.008882.BV,Petricolaria pholadiformis,Mollusca,Bivalvia,Veneroida,Petricolidae,Petricola,Atlantic Ocean,,Long Island Sound,USA,Connecticut,New Haven County,Branford,Thimble Islands,,,,,,Verrill,41.279,-72.797
13,13,IZ.000179.AN,Phyllodoce sp.,Annelida,Polychaeta,Phyllodocida,Phyllodocidae,Phyllodoce,Atlantic Ocean,,,USA,,,,Long Island Sound,,,,1866,,Verrill,,
31,31,IZ.000224.AN,Phylo ornatus,Annelida,Polychaeta,Orbiniida,Orbiniidae,Phylo ,Atlantic Ocean,,Long Island Sound,USA,Connecticut,New Haven County,West Haven,Savin Rock,,,,1870-10-,1870,Verrill,41.275,-72.964
165,165,IZ.002718.AN,Phylo ornatus,Annelida,Polychaeta,Orbiniida,Orbiniidae,Phylo ,Atlantic Ocean,,Long Island Sound,USA,Connecticut,New Haven County,,West Haven,Savin Rock,,,1872-05-,1872,Verrill,41.275,-72.964
206,206,IZ.005829.CR,Pinnixa chaetopterana,Arthropoda,Malacostraca,Decapoda,Pinnotheridae,Pinnixa,Atlantic Ocean,,Long Island Sound,USA,Connecticut,New Haven County,,New Haven,,,,,,Verrill,41.307,-72.925
183,183,IZ.003868.CR,Pinnixa sayana,Arthropoda,Malacostraca,Decapoda,Pinnotheridae,Pinnixa,Atlantic Ocean,,Long Island Sound,USA,Connecticut,New Haven County,West Haven,Savin Rock,,,,1872-05-22,1872,Verrill,41.275,-72.964
14,14,IZ.000184.AN,Pista palmata,Annelida,Polychaeta,Terebellida,Terebellidae,Pista,Atlantic Ocean,,Long Island Sound,USA,Connecticut,New Haven County,West Haven,Savin Rock,(and Sandy Point),,,1866-10-,,Verrill,41.275,-72.964
59,59,IZ.000395.AN,Pista palmata,Annelida,Polychaeta,Terebellida,Terebellidae,Pista,Atlantic Ocean,,Long Island Sound,USA,Connecticut,New Haven County,West Haven,Savin Rock,(and South End),,,1866-12-,1866,Verrill,41.275,-72.964
67,67,IZ.000406.AN,Pista palmata,Annelida,Polychaeta,Terebellida,Terebellidae,Pista,Atlantic Ocean,,Long Island Sound,USA,Connecticut,,,,,,,1866-10-,1866,Verrill,,
168,168,IZ.002746.AN,Pista palmata,Annelida,Polychaeta,Terebellida,Terebellidae,Pista,Atlantic Ocean,,Long Island Sound,USA,Connecticut,New Haven County,Branford,Thimble Islands,,,,,,Verrill,41.279,-72.797
24,24,IZ.000213.AN,Polychaeta,Annelida,Polychaeta, , , ,Atlantic Ocean,,Long Island Sound,USA,Connecticut,New Haven County,,Stony Creek,,,,1871-05-15,1871,Verrill,41.279,-72.797
172,172,IZ.002843.AN,Polychaeta,Annelida,Polychaeta, , , ,Atlantic Ocean,,Long Island Sound,USA,Connecticut,New Haven County,,New Haven,South End,,,1874-11-,1874,Verrill,41.307,-72.925
366,366,IZ.046011,Polychaeta,Annelida,Polychaeta, , , ,Atlantic Ocean,,Long Island Sound,USA,Connecticut,New Haven County,Branford,Thimble Islands,tide pool,,,1875-05-24,1875,Verrill,41.279,-72.797
367,367,IZ.046015,Polychaeta,Annelida,Polychaeta, , , ,Atlantic Ocean,,Long Island Sound,USA,Connecticut,New Haven County,Branford,Thimble Islands,Outer Island,,,,,Verrill,41.279,-72.797
368,368,IZ.046017,Polychaeta,Annelida,Polychaeta, , , ,Atlantic Ocean,,Long Island Sound,USA,Connecticut,New Haven County,Branford,Thimble Islands,tide pool,,,1875-05-24,1875,Verrill,41.279,-72.797
369,369,IZ.046018,Polychaeta,Annelida,Polychaeta, , , ,Atlantic Ocean,,Long Island Sound,USA,Connecticut,New Haven County,,Stony Creek,,,,1871-05-15,1871,Verrill,41.279,-72.797
370,370,IZ.046024,Polychaeta,Annelida,Polychaeta, , , ,Atlantic Ocean,,Long Island Sound,USA,Connecticut,New Haven County,Branford,Thimble Islands,Outer Island,,,,1909,Verrill,41.279,-72.797
371,371,IZ.046025,Polychaeta,Annelida,Polychaeta, , , ,Atlantic Ocean,,Long Island Sound,USA,Connecticut,New Haven County,Branford,Thimble Islands,Outer Island,,,1894-10-,1894,Verrill,41.279,-72.797
372,372,IZ.046030,Polychaeta,Annelida,Polychaeta, , , ,Atlantic Ocean,,Long Island Sound,USA,Connecticut,New Haven County,Branford,Thimble Islands,,,,,,Verrill,41.279,-72.797
373,373,IZ.046031,Polychaeta,Annelida,Polychaeta, , , ,Atlantic Ocean,,Long Island Sound,USA,Connecticut,New Haven County,Guilford,Falkner Island,,,,1873-10-02,1873,Verrill,41.213,-72.654
374,374,IZ.046032,Polychaeta,Annelida,Polychaeta, , , ,Atlantic Ocean,,Long Island Sound,USA,Connecticut,New Haven County,Branford,Thimble Islands,,,,1873,1873,Verrill,41.279,-72.797
375,375,IZ.046033,Polychaeta,Annelida,Polychaeta, , , ,Atlantic Ocean,,Long Island Sound,USA,Connecticut,New Haven County,Branford,Thimble Islands,,,,1873,1873,Verrill,41.279,-72.797
376,376,IZ.046108,Polychaeta,Annelida,Polychaeta, , , ,Atlantic Ocean,,Long Island Sound,USA,Connecticut,New Haven County,,New Haven,,,,,,Verrill,41.307,-72.925
377,377,IZ.046109,Polychaeta,Annelida,Polychaeta, , , ,Atlantic Ocean,,Long Island Sound,USA,Connecticut,New Haven County,,New Haven,,,,,,Verrill,41.307,-72.925
378,378,IZ.046110,Polychaeta,Annelida,Polychaeta, , , ,Atlantic Ocean,,Long Island Sound,USA,Connecticut,New Haven County,,New Haven,,,,1877,1877,Verrill,41.307,-72.925
379,379,IZ.046111,Polychaeta,Annelida,Polychaeta, , , ,Atlantic Ocean,,Long Island Sound,USA,Connecticut,New Haven County,,New Haven,,,,,,Verrill,41.307,-72.925
380,380,IZ.046112,Polychaeta,Annelida,Polychaeta, , , ,Atlantic Ocean,,Long Island Sound,USA,Connecticut,New Haven County,,New Haven,,,,,,Verrill,41.307,-72.925
381,381,IZ.046113,Polychaeta,Annelida,Polychaeta, , , ,Atlantic Ocean,,Long Island Sound,USA,Connecticut,New Haven County,,New Haven,,,,,,Verrill,41.307,-72.925
382,382,IZ.046114,Polychaeta,Annelida,Polychaeta, , , ,Atlantic Ocean,,Long Island Sound,USA,Connecticut,New Haven County,,New Haven,,,,1883,1883,Verrill,41.307,-72.925
383,383,IZ.046115,Polychaeta,Annelida,Polychaeta, , , ,Atlantic Ocean,,Long Island Sound,USA,Connecticut,New Haven County,,New Haven,,,,,,Verrill,41.307,-72.925
384,384,IZ.046116,Polychaeta,Annelida,Polychaeta, , , ,Atlantic Ocean,,Long Island Sound,USA,Connecticut,New Haven County,,New Haven,,,,,,Verrill,41.307,-72.925
385,385,IZ.046117,Polychaeta,Annelida,Polychaeta, , , ,Atlantic Ocean,,Long Island Sound,USA,Connecticut,New Haven County,,New Haven,,,,,,Verrill,41.307,-72.925
386,386,IZ.046118,Polychaeta,Annelida,Polychaeta, , , ,Atlantic Ocean,,Long Island Sound,USA,Connecticut,New Haven County,,New Haven,,,,,,Verrill,41.307,-72.925
387,387,IZ.046119,Polychaeta,Annelida,Polychaeta, , , ,Atlantic Ocean,,Long Island Sound,USA,Connecticut,New Haven County,,New Haven,,,,,,Verrill,41.307,-72.925
388,388,IZ.046120,Polychaeta,Annelida,Polychaeta, , , ,Atlantic Ocean,,Long Island Sound,USA,Connecticut,New Haven County,,New Haven,,,,,,Verrill,41.307,-72.925
389,389,IZ.046121,Polychaeta,Annelida,Polychaeta, , , ,Atlantic Ocean,,Long Island Sound,USA,Connecticut,New Haven County,,New Haven,,,,,,Verrill,41.307,-72.925
390,390,IZ.046122,Polychaeta,Annelida,Polychaeta, , , ,Atlantic Ocean,,Long Island Sound,USA,Connecticut,New Haven County,,New Haven,,,,,,Verrill,41.307,-72.925
391,391,IZ.046123,Polychaeta,Annelida,Polychaeta, , , ,Atlantic Ocean,,Long Island Sound,USA,Connecticut,New Haven County,,New Haven,,,,,,Verrill,41.307,-72.925
392,392,IZ.046124,Polychaeta,Annelida,Polychaeta, , , ,Atlantic Ocean,,Long Island Sound,USA,Connecticut,New Haven County,,New Haven,,,,,,Verrill,41.307,-72.925
393,393,IZ.046125,Polychaeta,Annelida,Polychaeta, , , ,Atlantic Ocean,,Long Island Sound,USA,Connecticut,New Haven County,,New Haven,,,,,,Verrill,41.307,-72.925
394,394,IZ.046126,Polychaeta,Annelida,Polychaeta, , , ,Atlantic Ocean,,Long Island Sound,USA,Connecticut,New Haven County,,New Haven,,,,,,Verrill,41.307,-72.925
395,395,IZ.046127,Polychaeta,Annelida,Polychaeta, , , ,Atlantic Ocean,,Long Island Sound,USA,Connecticut,New Haven County,,New Haven,,,,,,Verrill,41.307,-72.925
396,396,IZ.046128,Polychaeta,Annelida,Polychaeta, , , ,Atlantic Ocean,,Long Island Sound,USA,Connecticut,New Haven County,,New Haven,,,,,,Verrill,41.307,-72.925
397,397,IZ.046129,Polychaeta,Annelida,Polychaeta, , , ,Atlantic Ocean,,Long Island Sound,USA,Connecticut,New Haven County,,New Haven,,,,1881-05-22,1881,Verrill,41.307,-72.925
398,398,IZ.046130,Polychaeta,Annelida,Polychaeta, , , ,Atlantic Ocean,,Long Island Sound,USA,Connecticut,New Haven County,,New Haven,,,,,,Verrill,41.307,-72.925
399,399,IZ.046131,Polychaeta,Annelida,Polychaeta, , , ,Atlantic Ocean,,Long Island Sound,USA,Connecticut,New Haven County,,New Haven,,,,,,Verrill,41.307,-72.925
400,400,IZ.046132,Polychaeta,Annelida,Polychaeta, , , ,Atlantic Ocean,,Long Island Sound,USA,Connecticut,New Haven County,,New Haven,,,,1877,1877,Verrill,41.307,-72.925
401,401,IZ.046133,Polychaeta,Annelida,Polychaeta, , , ,Atlantic Ocean,,Long Island Sound,USA,Connecticut,New Haven County,,New Haven,,,,,,Verrill,41.307,-72.925
402,402,IZ.046134,Polychaeta,Annelida,Polychaeta, , , ,Atlantic Ocean,,Long Island Sound,USA,Connecticut,New Haven County,,New Haven,,,,,,Verrill,41.307,-72.925
403,403,IZ.046135,Polychaeta,Annelida,Polychaeta, , , ,Atlantic Ocean,,Long Island Sound,USA,Connecticut,New Haven County,,New Haven,,,,,,Verrill,41.307,-72.925
404,404,IZ.046136,Polychaeta,Annelida,Polychaeta, , , ,Atlantic Ocean,,Long Island Sound,USA,Connecticut,New Haven County,,New Haven,,,,,,Verrill,41.307,-72.925
405,405,IZ.046137,Polychaeta,Annelida,Polychaeta, , , ,Atlantic Ocean,,Long Island Sound,USA,Connecticut,New Haven County,,West Haven,Savin Rock,,,1872-05-,1872,Verrill,41.275,-72.964
406,406,IZ.046138,Polychaeta,Annelida,Polychaeta, , , ,Atlantic Ocean,,Long Island Sound,USA,Connecticut,New Haven County,West Haven,Savin Rock,,,,,,Verrill,41.275,-72.964
407,407,IZ.046139,Polychaeta,Annelida,Polychaeta, , , ,Atlantic Ocean,,Long Island Sound,USA,Connecticut,New Haven County,,West Haven,Savin Rock,,,1871-05-,1871,Verrill,41.275,-72.964
408,408,IZ.046140,Polychaeta,Annelida,Polychaeta, , , ,Atlantic Ocean,,Long Island Sound,USA,Connecticut,New Haven County,,West Haven,Savin Rock,,,1872-05-,1872,Verrill,41.275,-72.964
409,409,IZ.046141,Polychaeta,Annelida,Polychaeta, , , ,Atlantic Ocean,,Long Island Sound,USA,Connecticut,New Haven County,West Haven,Savin Rock,,,,,,Verrill,41.275,-72.964
410,410,IZ.046142,Polychaeta,Annelida,Polychaeta, , , ,Atlantic Ocean,,Long Island Sound,USA,Connecticut,New Haven County,West Haven,Savin Rock,,,,1877,1877,Verrill,41.275,-72.964
411,411,IZ.046144,Polychaeta,Annelida,Polychaeta, , , ,Atlantic Ocean,,Long Island Sound,USA,Connecticut,New Haven County,,East Haven,,,,1865-01-,1865,Verrill,41.297,-72.857
412,412,IZ.046146,Polychaeta,Annelida,Polychaeta, , , ,Atlantic Ocean,,Long Island Sound,USA,Connecticut,New Haven County,West Haven,Savin Rock,,,,,,Verrill,41.275,-72.964
413,413,IZ.046148,Polychaeta,Annelida,Polychaeta, , , ,Atlantic Ocean,,Long Island Sound,USA,Connecticut,New Haven County,,West Haven,Savin Rock,,,1871-10-,1871,Verrill,41.275,-72.964
414,414,IZ.046149,Polychaeta,Annelida,Polychaeta, , , ,Atlantic Ocean,,Long Island Sound,USA,Connecticut,New Haven County,,West Haven,Savin Rock,,,1872-05-,1872,Verrill,41.275,-72.964
415,415,IZ.046155,Polychaeta,Annelida,Polychaeta, , , ,Atlantic Ocean,,Long Island Sound,USA,Connecticut,New Haven County,,New Haven,,,,,,Verrill,41.307,-72.925
416,416,IZ.046156,Polychaeta,Annelida,Polychaeta, , , ,Atlantic Ocean,,Long Island Sound,USA,Connecticut,New Haven County,,New Haven,,,,,,Verrill,41.307,-72.925
417,417,IZ.046157,Polychaeta,Annelida,Polychaeta, , , ,Atlantic Ocean,,Long Island Sound,USA,Connecticut,New Haven County,Branford,Thimble Islands,Outer Island,,,,,Verrill,41.279,-72.797
418,418,IZ.046641,Polychaeta,Annelida,Polychaeta, , , ,Atlantic Ocean,,Long Island Sound,USA,Connecticut,New Haven County,,New Haven,,,,1877,1877,Verrill,41.307,-72.925
30,30,IZ.000223.AN,Polycirrus eximius,Annelida,Polychaeta,Terebellida,Terebellidae,Polycirrus,Atlantic Ocean,,Long Island Sound,USA,Connecticut,New Haven County,,Stony Creek,,,,1871-05-15,1871,Verrill,41.279,-72.797
56,56,IZ.000392.AN,Polycirrus eximius,Annelida,Polychaeta,Terebellida,Terebellidae,Polycirrus,Atlantic Ocean,,Long Island Sound,USA,Connecticut,New Haven County,West Haven,Savin Rock,(and South End),,,1866-12-,1866,Verrill,41.275,-72.964
57,57,IZ.000393.AN,Polycirrus eximius,Annelida,Polychaeta,Terebellida,Terebellidae,Polycirrus,Atlantic Ocean,,Long Island Sound,USA,Connecticut,New Haven County,West Haven,Savin Rock,(and South End),,,1866-12-,1866,Verrill,41.275,-72.964
327,327,IZ.042598,Polycirrus eximius,Annelida,Polychaeta,Terebellida,Terebellidae,Polycirrus,Atlantic Ocean,,Long Island Sound,USA,Connecticut,New Haven County,,New Haven,,,,,,Verrill,41.307,-72.925
22,22,IZ.000203.AN,Polydora sp.,Annelida,Polychaeta,Sedentarida,Spionidae,Polydora,Atlantic Ocean,,Long Island Sound,USA,Connecticut,New Haven County,,New Haven,off South End,,,1871-05-29,1871,Verrill,41.307,-72.925
174,174,IZ.002886.AN,Polydora sp.,Annelida,Polychaeta,Sedentarida,Spionidae,Polydora,Atlantic Ocean,,Long Island Sound,USA,Connecticut,New Haven County,Branford,Thimble Islands,Outer Island,,,1892-10-01,1892,Verrill,41.279,-72.797
439,439,IZ.095715,Polydora sp.,Annelida,Polychaeta,Sedentarida,Spionidae,Polydora,Atlantic Ocean,,Long Island Sound,USA,Connecticut,New Haven County,West Haven,Savin Rock,,,,1877-10-,1877,Verrill,41.275,-72.964
173,173,IZ.002863.AN,Polynoidae,Annelida,Polychaeta,Phyllodocida,Polynoidae, ,Atlantic Ocean,,Long Island Sound,USA,Connecticut,New Haven County,Branford,Thimble Islands,in pools,,,1874-09-29,1874,Verrill,41.279,-72.797
297,297,IZ.027175,Polynoidae,Annelida,Polychaeta,Phyllodocida,Polynoidae, ,Atlantic Ocean,,Long Island Sound,USA,Connecticut,New Haven County,,New Haven,,,,1881-05-22,1881,Verrill,41.307,-72.925
12,12,IZ.000177.AN,Proceraea cornuta,Annelida,Polychaeta,Phyllodocida,Syllidae,Proceraea,Atlantic Ocean,,,USA,,,,Long Island Sound,,,,1866,,Verrill,,
451,451,IZ.102190,Rhepoxynius epistomus,Arthropoda,Malacostraca,Amphipoda,Phoxocephalidae,Rhepoxynius,Atlantic Ocean,,Long Island Sound,USA,Connecticut,New London County,,Noank,,,,1874,1874,Verrill,41.358,-72.028
129,129,IZ.001243.CR,Rhithropanopeus harrisii,Arthropoda,Malacostraca,Decapoda,Panopeidae,Rhithropanopeus,Atlantic Ocean,,Long Island Sound,USA,Connecticut,New Haven County,,New Haven,,,,,,Verrill,41.307,-72.925
130,130,IZ.001244.CR,Rhithropanopeus harrisii,Arthropoda,Malacostraca,Decapoda,Panopeidae,Rhithropanopeus,Atlantic Ocean,,Long Island Sound,USA,Connecticut,New Haven County,,New Haven,,,,,,Verrill,41.307,-72.925
164,164,IZ.002712.CR,Rhithropanopeus harrisii,Arthropoda,Malacostraca,Decapoda,Panopeidae,Rhithropanopeus,Atlantic Ocean,,Long Island Sound,USA,Connecticut,New Haven County,New Haven,New Haven Harbor,in logs at Austin's Dock,,,1892-09-,1892,Verrill,41.307,-72.925
122,122,IZ.000792.AN,Sabaco elongatus,Annelida,Polychaeta,Capitellida,Maldanidae,Sabaco,Atlantic Ocean,,Long Island Sound,USA,Connecticut,New Haven County,,West Haven,Savin Rock,,,1872-05-,1872,Verrill,41.275,-72.964
11,11,IZ.000167.AN,Sabellaria vulgaris,Annelida,Polychaeta,Terebellida,Sabellariidae,Sabellaria,Atlantic Ocean,,,USA,,,,Long Island Sound,,,,1866-10-,,Verrill,,
19,19,IZ.000198.AN,Sabellaria vulgaris,Annelida,Polychaeta,Terebellida,Sabellariidae,Sabellaria,Atlantic Ocean,,Long Island Sound,USA,Connecticut,New Haven County,,New Haven,,,,1866-10-,,Verrill,41.307,-72.925
73,73,IZ.000409.AN,Sabellaria vulgaris,Annelida,Polychaeta,Terebellida,Sabellariidae,Sabellaria,Atlantic Ocean,,Long Island Sound,USA,Connecticut,New Haven County,,New Haven,,,,1865-02-,1865,Verrill,41.307,-72.925
17,17,IZ.000196.AN,Schistomeringos rudolphi,Annelida,Polychaeta,Eunicida,Dorvilleidae,Schistomeringos,Atlantic Ocean,,Long Island Sound,USA,Connecticut,New Haven County,,New Haven,,,,,,Verrill,41.307,-72.925
18,18,IZ.000197.AN,Schistomeringos rudolphi,Annelida,Polychaeta,Eunicida,Dorvilleidae,Schistomeringos,Atlantic Ocean,,Long Island Sound,USA,Connecticut,New Haven County,,New Haven,,,,1866-10-,,Verrill,41.307,-72.925
169,169,IZ.002750.AN,Schistomeringos rudolphi,Annelida,Polychaeta,Eunicida,Dorvilleidae,Schistomeringos,Atlantic Ocean,,Long Island Sound,USA,Connecticut,New Haven County,,New Haven,South End,,,1883-07-,1883,Verrill,41.307,-72.925
333,333,IZ.043992,Scoletoma fragilis,Annelida,Polychaeta,Eunicida,Lumbrineridae,Lumbrineris,Atlantic Ocean,,Long Island Sound,USA,Connecticut,New Haven County,,New Haven,,,,,,Verrill,41.307,-72.925
167,167,IZ.002733.AN,Scoletoma tenuis,Annelida,Polychaeta,Eunicida,Lumbrineridae,Scoletoma ,Atlantic Ocean,,Long Island Sound,USA,Connecticut,New Haven County,,Stony Creek,,,,1872-05-,1872,Verrill,41.279,-72.797
334,334,IZ.044030,Scoletoma tenuis,Annelida,Polychaeta,Eunicida,Lumbrineridae,Lumbrineris,Atlantic Ocean,,Long Island Sound,USA,Connecticut,New Haven County,West Haven,Savin Rock,,,,1877,1877,Verrill,41.275,-72.964
335,335,IZ.044032,Scoletoma tenuis,Annelida,Polychaeta,Eunicida,Lumbrineridae,Lumbrineris,Atlantic Ocean,,Long Island Sound,USA,Connecticut,New Haven County,West Haven,Savin Rock,,,,1877-10-,1877,Verrill,41.275,-72.964
426,426,IZ.055120,Seila adamsii,Mollusca,Gastropoda,Littorinimorpha,Cerithiopsidae,Seila,Atlantic Ocean,,Long Island Sound,USA,Connecticut,New Haven County,,Thimble Islands,,,,1871,1871,Verrill,,
154,154,IZ.002324.CR,Semibalanus balanoides,Arthropoda,Hexanauplia,Sessilia ,Archaeobalanidae ,Semibalanus ,Atlantic Ocean,,Long Island Sound,USA,Connecticut,New Haven County,West Haven,Savin Rock,,,,,,Verrill,41.275,-72.964
156,156,IZ.002379.CR,Semibalanus balanoides,Arthropoda,Hexanauplia,Sessilia ,Archaeobalanidae ,Semibalanus ,Atlantic Ocean,,Long Island Sound,USA,Connecticut,New Haven County,,New Haven,,,,,,Verrill,41.307,-72.925
328,328,IZ.042634,Sesarma reticulatum,Arthropoda,Malacostraca,Decapoda,Grapsidae,Sesarma,Atlantic Ocean,,Long Island Sound,USA,Connecticut,New Haven County,,New Haven,,,,,,Verrill,41.307,-72.925
20,20,IZ.000198.BV,Solemya velum,Mollusca,Bivalvia,Solemyoida,Solemyidae,Solemya,Atlantic Ocean,,,USA,,,,Long Island Sound,,,,,,Verrill,,
21,21,IZ.000199.BV,Solemya velum,Mollusca,Bivalvia,Solemyoida,Solemyidae,Solemya,Atlantic Ocean,,,USA,Connecticut,,,Long Island Sound,,,,,,Verrill,,
148,148,IZ.002055.CR,Sphaeroma quadridentatum,Arthropoda,Malacostraca,Isopoda,Sphaeromatidae,Sphaeroma,Atlantic Ocean,,Long Island Sound,USA,Connecticut,New Haven County,,West Haven,Savin Rock,,,1871-10-,1871,Verrill,41.275,-72.964
149,149,IZ.002058.CR,Sphaeroma quadridentatum,Arthropoda,Malacostraca,Isopoda,Sphaeromatidae,Sphaeroma,Atlantic Ocean,,Long Island Sound,USA,Connecticut,New Haven County,,New Haven,,,,1871-10-25,1871,Verrill,41.307,-72.925
274,274,IZ.009120.CR,Sphaeroma quadridentatum,Arthropoda,Malacostraca,Isopoda,Sphaeromatidae,Sphaeroma,Atlantic Ocean,,Long Island Sound,USA,Connecticut,New Haven County,,New Haven,,,,,,Verrill,41.307,-72.925
61,61,IZ.000397.AN,Spio setosa,Annelida,Polychaeta,Sedentarida,Spionidae,Spio,Atlantic Ocean,,Long Island Sound,USA,Connecticut,New Haven County,West Haven,Savin Rock,(and South End),,,1866-12-,1866,Verrill,41.275,-72.964
132,132,IZ.001248.CR,Squilla empusa,Arthropoda,Malacostraca,Stomatopoda,Squillidae,Squilla,Atlantic Ocean,,Long Island Sound,USA,Connecticut,New Haven County,,New Haven,,,,,,Verrill,41.307,-72.925
184,184,IZ.004463.CR,Squilla empusa,Arthropoda,Malacostraca,Stomatopoda,Squillidae,Squilla,Atlantic Ocean,,Long Island Sound,USA,Connecticut,New Haven County,,New Haven,,,,,,Verrill,41.307,-72.925
185,185,IZ.004491.CR,Squilla empusa,Arthropoda,Malacostraca,Stomatopoda,Squillidae,Squilla,Atlantic Ocean,,Long Island Sound,USA,Connecticut,New Haven County,Branford,Thimble Islands,Outer Island,,,1903,1903,Verrill,41.279,-72.797
170,170,IZ.002752.AN,Sthenelais leidyi,Annelida,Polychaeta,Phyllodocida,Sigalionidae,Sthenelais,Atlantic Ocean,,Long Island Sound,USA,Connecticut,New Haven County,West Haven,Savin Rock,,,,,,Verrill,41.275,-72.964
133,133,IZ.001339.TN,Styela canopus,Chordata,Ascidiacea,Stolidobranchia,Styelidae,Styela,Atlantic Ocean,,Long Island Sound,USA,Connecticut,New Haven County,West Haven,Savin Rock,,,,,,Verrill,41.275,-72.964
288,288,IZ.020168,Stylochus ellipticus,Platyhelminthes,Turbellaria,Polycladida,Stylochidae,Stylochus,Atlantic Ocean,,,USA,,,,Long Island Sound,,,,,,Verrill,,
289,289,IZ.020169,Stylochus ellipticus,Platyhelminthes,Turbellaria,Polycladida,Stylochidae,Stylochus,Atlantic Ocean,,Long Island Sound,USA,Connecticut,New Haven County,,West Haven,Savin Rock,,,1871-10-,1871,Verrill,41.275,-72.964
290,290,IZ.020170,Stylochus ellipticus,Platyhelminthes,Turbellaria,Polycladida,Stylochidae,Stylochus,Atlantic Ocean,,Long Island Sound,USA,Connecticut,New Haven County,,West Haven,Savin Rock,,,1871-10-,1871,Verrill,41.275,-72.964
307,307,IZ.037569,Stylochus ellipticus,Platyhelminthes,Turbellaria,Polycladida,Stylochidae,Stylochus,Atlantic Ocean,,Long Island Sound,USA,Connecticut,New Haven County,West Haven,Savin Rock,,,,1894-04-,1894,Verrill,41.275,-72.964
441,441,IZ.100562,Syllidae,Annelida,Polychaeta,Phyllodocida,Syllidae, ,Atlantic Ocean,,Long Island Sound,USA,Connecticut,New Haven County,,West Haven,Savin Rock,,,1871-10-,1871,Verrill,41.275,-72.964
51,51,IZ.000312.CN,Tubularia sp.,Cnidaria,Hydrozoa,Hydroida,Tubulariidae,Tubularia,Atlantic Ocean,,,USA,,,,Long Island Sound,,,,,,Verrill,,
52,52,IZ.000313.CN,Tubularia sp.,Cnidaria,Hydrozoa,Hydroida,Tubulariidae,Tubularia,Atlantic Ocean,,,USA,,,,Long Island Sound,,,,,,Verrill,,
49,49,IZ.000291.AN,Turbellaria,Platyhelminthes,Turbellaria, , , ,Atlantic Ocean,,Long Island Sound,USA,Connecticut,New Haven County,,New Haven,,,,1868,1868,Verrill,41.307,-72.925
455,455,IZ.102194,Unciola irrorata,Arthropoda,Malacostraca,Amphipoda,Unciolidae,Unciola,Atlantic Ocean,,Long Island Sound,USA,Connecticut,New London County,,Noank,,,,1874,1874,Verrill,41.358,-72.028
202,202,IZ.005662.CR,Upogebia affinis,Arthropoda,Malacostraca,Decapoda,Upogebiidae,Upogebia,Atlantic Ocean,,Long Island Sound,USA,Connecticut,New Haven County,Branford,Thimble Islands,,,,1896,1896,Verrill,41.279,-72.797
204,204,IZ.005664.CR,Upogebia affinis,Arthropoda,Malacostraca,Decapoda,Upogebiidae,Upogebia,Atlantic Ocean,,Long Island Sound,USA,Connecticut,New Haven County,Branford,Thimble Islands,Outer Island,,,,,Verrill,41.279,-72.797
4,4,IZ.000092.CR,Zaops ostreus,Arthropoda,Malacostraca,Decapoda,Pinnotheridae,Zaops ,Atlantic Ocean,,,USA,,,,Long Island Sound,,,,1865,1865,Verrill,,